C#CC12C(=O)C3=NC1=C1C4=C3C12C4,20.809497833251953
C#CC1(C=O)c2nc3cc4c2C1C34,25.344820022583008
C#CC1C(=O)C2=C3C=C4N=C2C431,20.99089813232422
O=C1c2cc3c4c(n2)C4C1C#C3,33.137550354003906
C#CC12C(=O)c3ccc1c(n3)C2C#N,21.570377349853516
O=C1c2cc3cc(n2)C#CC1C3,33.62903594970703
N#CC1c2c3cnc4c2C1(C#C3)C4=O,23.131938934326172
N#CC1C(=O)c2ccc3nc2C31C#N,23.242616653442383
N#Cc1nc2c3c4c1C34C(C=O)C#C2,24.378719329833984
C#CC12C(=O)C3=C4N=C1C(=C3)C42C#N,20.371389389038086
C#CC1(O)C(=O)c2ncccc21,36.248077392578125
C#CC1C(=O)c2c3cccc2C31,25.255027770996094
O=C1c2ncc3cc2CC1C#C3,29.55133819580078
C#CC12C(=O)c3cc(cc1n3)C2C#N,22.11536407470703
CC1C#Cc2ccc(cn2)C1=O,31.503345489501953
C#CC12Cc3cc(c(C)c1n3)C2=O,25.563072204589844
N#CC1C(=O)c2ccc3nc2C31C#N,23.242616653442383
C#CC1C(=O)c2cc3nc(c2)C31,31.111818313598633
C#CC12Cc3nc1ccc3C2=O,26.213647842407227
C#CC12C(=O)c3cnc1c(c3)C2C#N,22.04488754272461
C#CC12C(=O)c3cc1c1c(n3)C12,28.94739532470703
O=C1C2=C3C4=NC5=C2C4CC13C#C5,23.787994384765625
C#CC12C(=O)c3c4ccc1c3C42,23.132965087890625
C#CC12C(=O)c3c4cnc1c3C42,27.888980865478516
C#CC1C(=O)c2cc3nc(c2)C31C,27.951383590698242
N#CCC1C#Cc2cccnc2C1=O,25.732006072998047
C#CC12C(=O)C34C=CN5C1=C3C5C24,23.315044403076172
N#CC12Cc3cnc1cc3C2=O,24.522327423095703
O=C1C2=C3C4(C#CC13C4)OC=N2,21.79788589477539
C#CC12C(=O)c3cc4c(nc31)CC42,28.40174674987793
C#CC12C(=O)c3c4ncc1c3CC42,28.528160095214844
C#CC1(C=O)c2nc3c4c(c2-4)C31C#N,20.57284927368164
C#CC1(C=O)c2ccc3c(n2)C31,26.817527770996094
N#CCC1C#Cc2ccc(nc2)C1=O,25.670066833496094
N#CCC12C#Cc3cc(ncc31)C2=O,23.363250732421875
C#CC12Cc3cnc1cc3C2=O,26.109619140625
O=C1c2cc3cnc2CC1C#C3,32.882598876953125
O=CC1C#Cc2cnc3c(c2)C3C1,25.239336013793945
C#CC12C(=O)c3ncc4c1c3C42,29.533130645751953
C#CC12CC34C5=NC3=C(C1=O)C4=C52,22.16006088256836
C#CC1CC2c3cncc(c32)C1=O,26.00940704345703
O=C1c2cc3c4nc2C1(C#C3)C4,32.79685974121094
N#CC1c2nc3ccc2C(=O)C1C#C3,25.148208618164062
O=C1c2cc3cnc2CC1C#C3,32.882598876953125
C#CC1C(=O)c2ccc(cn2)C1C,29.209728240966797
O=C1C2C3CC4=CC12C1=NC43C#C1,18.978567123413086
C#CC12C(=O)c3cc4nc(c31)C42C#N,22.415679931640625
N#CCC12C#Cc3cc1ncc3C2=O,23.19673728942871
C#CC1C(=O)c2c(cc3nc2-3)C1C#N,23.498157501220703
C#CC1(C=O)C2=NC3=CC=C2C31,19.836423873901367
C#CC1C(=O)c2cccnc2C1C#N,23.501728057861328
C#CC12C(=O)c3ccc4c(c31)C42,25.623411178588867
C#CC1(C=O)c2cnc3cc2C1C3,26.386754989624023
N#CC12c3cc4cc1c3C#CC2C4=O,18.978782653808594
C#CC1C(=O)c2ccc3nc2C1C3,30.7633056640625
C#CC1CC2C3=CN=C2C=C3C1=O,21.671939849853516
C#CC1(C)C(=O)c2cc1ccn2,28.214881896972656
O=C1c2nc3cc4c2CC3C1C#C4,30.116455078125
C#CC1(C=O)Cc2cccnc21,26.228012084960938
N#CC1c2c3cnc(C=O)c2CC31,24.293922424316406
C#CC1c2c3cc(nc2C3=O)C1C#N,26.050134658813477
O=C1c2ncc3c4c2C(C4)C1C#C3,28.263652801513672
C#CC12Cc3cc(cnc31)C2=O,25.54425621032715
C#CC1(CC#N)C(=O)c2cc1ccn2,25.62326431274414
O=CC12C#Cc3ncc4c1c3C42,27.978782653808594
O=CC12C#Cc3ccc1c(n3)CC2,29.346786499023438
C#CC1C(=O)C2=CC3=NC=C2C31C#N,19.272552490234375
C#CC12C(=O)c3nc1ccc3C2C,28.267820358276367
C#CC1(C=O)c2cc3c(cn2)C31C#N,20.441659927368164
O=C1c2cc3cc4c2C#CC1C3C4,30.109703063964844
C#CC12C(=O)c3cc4c(nc31)C2C4,26.967369079589844
C#CC(C=O)C1(C)c2cccc1n2,21.352550506591797
N#CC12c3nc4cc(c31)C#CC42C=O,22.716144561767578
C#CC1(C=O)c2ccc3nc2C31C#N,18.983924865722656
N#CC12CC#Cc3c1cnc(C=O)c32,18.90398406982422
C#CC1C(=O)c2cnc3cc2C31C#N,20.451797485351562
O=CC12C#CC3=C4N=C1C(=C3)C42,21.62779998779297
O=C1c2c3cc4nc2CC13C#C4,29.537456512451172
CCC1C#Cc2ccc(nc2)C1=O,35.53736877441406
C#CC1(C=O)c2ccc(cn2)C1C#N,20.480051040649414
C#CC12C(=O)c3cnc4c(c31)C42C#N,23.271839141845703
O=C1c2cc3c4c(n2)C#CC1CC34,34.545719146728516
C#CC12Cc3cc1ncc3C2=O,28.04253387451172
C#CC1C(=O)c2cc3cnc2CC31,31.723499298095703
N#CC12C3=CN=C(C#CC1C=O)C2=C3,16.881349563598633
N#CC1c2cccnc2C#CC1C=O,16.997928619384766
C#CC1Cc2ncccc2C1=O,30.03072166442871
C#CC1Cc2cc3c(nc2-3)C1=O,29.032695770263672
C#CC1(CC#N)C(=O)c2cncc1c2,26.77987289428711
C#CC12C(=O)C3=C1C1=CN=C3C12C#N,19.206218719482422
C#CC12C(=O)c3c4ncc1c3C42,28.19232177734375
C#CC12C(=O)c3c1ccnc3C2C#N,22.89276885986328
C#CC1CC2C3=CN=C(C1=O)C2=C3,20.05232810974121
C#CC1Cc2ncc3c(c2-3)C1=O,29.71396255493164
C#CC1C(=O)C2=C3CC14C2=CC4=N3,21.031192779541016
O=CC12C#Cc3cc1cc(n3)C2,26.391830444335938
O=CC12C#Cc3c1ccnc3C2,25.70376968383789
O=CC12C#Cc3cc1cnc3CC2,25.532684326171875
C#CC12C(=O)c3cc4c(c1n3)C42C#N,22.532386779785156
C#CC12C#Cc3c(cccc31)C2=O,25.917709350585938
N#CCC12C#Cc3cc(c1cn3)C2=O,20.38180160522461
C#CC12C(=O)c3nc4c(cc31)C42C#N,24.53005027770996
C#CC12Cc3nc(ccc31)C2=O,28.87177276611328
N#CC1c2ccc3c(n2)C#CC1C3=O,22.886444091796875
C#CC12C(=O)C34C=C5OC1=C3C2C54,25.641468048095703
O=C1c2c3ncc4c2C#CC14C3,34.07548522949219
C#CC12Cc3cc1cnc3C2=O,25.783885955810547
C#CC(C)(C=O)c1ccccn1,18.41602897644043
O=C1C23N=C4C#CC15C41C4=C2C51C43,22.188217163085938
C#CC1(C=O)C2=CC3=NC(=C2)C31C#N,19.05270767211914
C#CC1(C=O)C2=C3C=C4C(=N2)C1C43,18.98902130126953
O=C1c2ncc3cc2C#CC1CC3,32.11311340332031
N#CC1c2cc3nc4c2C(=O)C31C#C4,29.34347152709961
C#CC1Cc2c(cc3nc2-3)C1=O,28.93783187866211
N#CC1c2cc3cc(c2)C(=O)C1C#C3,22.838041305541992
C#CC1C(=O)c2ncc3c4c2C4C31,29.65158462524414
C=C1c2ccc3cc2CC1C#C3,25.0732364654541
C#Cc1c2cnc3c1C(C#N)C3C2=O,20.747974395751953
C#CC1C(=O)c2ccc3nc2C1C#C3,23.76903533935547
N#CC12c3cc4c(nc31)C(=O)C2C#C4,27.296024322509766
C#CC1Cc2cccc(c2)C1=O,24.711416244506836
N#CC12C(=O)C3=C4C(=CC1=N3)C42C#N,23.506200790405273
CC12C#Cc3ncc1cc3C2=O,29.90798568725586
N#CCC1C#Cc2cccc(c2)C1=O,21.734682083129883
N#CC1c2nc3c4cc2C(=O)C31C#C4,30.94005012512207
C#CC1C(=O)C2=C3C=CC(=N2)C31C#N,19.255504608154297
O=C1c2c3cnc4c2CC13C#C4,29.792451858520508
C#CC(C=O)CCc1ccccc1,13.102481842041016
O=CC1C#Cc2ccc(cc2)C1,28.76445770263672
CC1c2c3cnc4c2C1(C#C4)C3=O,27.896894454956055
N#CC12c3cc4nc1c3C2(C=O)C#C4,22.577632904052734
O=CC1C#Cc2cc3cc(n2)C3C1,26.677688598632812
O=C1c2ncc3c4c2CCC14C#C3,30.584327697753906
O=C1c2c3c4nc(c2C1CC3)C#C4,28.626750946044922
C#CC1(C)C(=O)c2cc3c1nc2-3,30.225299835205078
C#CC12C(=O)c3c1cnc1c3C2C1,26.09139060974121
O=CC12C#Cc3c4cc(nc31)C4C2,25.41822052001953
C#CC12C(=O)C3=NC4=C1C1=C3C4C12,21.432479858398438
C#CC12C(=O)C3=C1C1=NC=C3C12C#N,18.238061904907227
C#CC12Cc3c1ccnc3C2=O,25.23431396484375
N#CCC12C#Cc3ccc1c(c3)C2=O,19.654647827148438
N#CC1c2nc3cc4c2C(=O)C41C#C3,29.663068771362305
C#CC1(CC#N)C(=O)c2ncccc21,23.91254234313965
C#CC1C(=O)C2=NC3=C4C5=C2C35C41,20.436553955078125
C#CC1(C=O)C2=C3N=C4C=C2C4C31,20.823402404785156
C#CC12C(=O)c3cc1ccc3C2C#N,18.12110137939453
O=C1c2c3nc4c5c2C4C15C#C3,32.42940902709961
C#CC12C(=O)c3nc4cc(c31)C42C#N,24.467025756835938
C#CC12CC3C4=NC1=C3C(=C4)C2=O,25.716264724731445
C#CC12C(=O)C3=C4C=C1C(=N3)C42,19.981246948242188
C#CC1C(=O)C2=CC3=CN=C2C31C#N,17.993793487548828
C#CC12CC34C5=C3N(C1=O)C24C=C5,22.293832778930664
C#CC1(C=O)c2cncc3c2CC31,26.052186965942383
N#CC12c3cc4c(nc31)C#CC2C4=O,22.167171478271484
C#CC1C(=O)c2cc3c4c(n2)C341,30.499975204467773
C#CC1C(=O)c2ncc3c4c2C31C4,29.335233688354492
N#CC12C3=NC4=C1C=C3C(=O)C2C#C4,23.98113250732422
N#CC1c2c3cnc4c2C(=O)C41C#C3,27.616100311279297
O=C1c2cc3nc4c2C4C1C#C3,30.83310317993164
N#CC1c2cc3cc(n2)C#CC31C=O,20.14647674560547
C#CC1Cc2ncccc2C1=O,30.03072166442871
O=CC12C#Cc3cc(cc1n3)C2,28.23663330078125
N#CC1c2cc3cnc2C(=O)C1C#C3,23.921865463256836
C#CC1(C=O)C2=C3C=CC(=C2)C31,17.391252517700195
C#CC12C(=O)c3ncc4c1c3C42,29.533130645751953
C#CC1C(=O)c2ncc3c4c2C4C31,29.65158462524414
CC12C3=NC4=C1C=C3C(=O)C2C#C4,26.70446014404297
C#CC1C(=O)c2cc3cc(n2)C31,31.886323928833008
C#CC1(C=O)Cc2cccnc21,26.228012084960938
C#CC12C(=O)C3=C1C1=NC=C3C12C#N,18.238061904907227
C#CC1(C=O)Cc2cnc3c1c2-3,24.020355224609375
C#CC12C(=O)N3C1=CC=CC31CC21,21.789836883544922
O=CC12C#Cc3cc4c1c(n3)C42,28.832164764404297
C#CC12C(=O)c3ccc(nc31)C2C#N,22.09523582458496
C#CC(C=O)C12C3=CC1=C2C=C3,15.216033935546875
N#CC12C3=CC4=C(C1=N3)C2(C=O)C#C4,20.468917846679688
C#CC1C(=O)c2nccc3c2CC31,30.43511962890625
O=C1c2nccc3c2CC1C#C3,30.845151901245117
C#CC12Cc3nccc(c31)C2=O,29.30052947998047
C#CC12Cc3cc(ncc31)C2=O,25.055862426757812
N#CC12C(=O)C3=C1N=C1C=C3C12,22.535879135131836
N#CC12c3ccc(nc31)C#CC2C=O,18.8635196685791
C#CC1(CC)C(=O)c2c3ncc1c2-3,27.01816177368164
C#CC1C(=O)c2ccc3nc2C31C#N,20.393224716186523
C#CC12C(=O)c3nccc(c31)C2C#N,21.97482681274414
N#CC1c2c3ccnc2C#CC1C3=O,23.732088088989258
O=C1c2c3nc4c5c2C5C14C#C3,32.43903350830078
C#CC12Cc3ccc(c1c3)C2=O,23.800941467285156
C#CC1(C=O)Cc2cccnc21,26.228012084960938
C#CC1(C=O)C2=NC3=C4C=C2C31C4,19.74947738647461
N#CC12c3cc4c(nc31)C#CC2C4=O,22.167171478271484
O=CC12C#Cc3cnc1c(c3)CC2,26.729209899902344
N#CC12C(=O)c3cnc4c(c31)C42C#N,23.489391326904297
C#CC1C(=O)c2cc3c4nc2C4C31,31.6826171875
O=CC12C#Cc3nc1c1c(c3C2)C1,25.378904342651367
O=C1C23C#CC45C6=C2N=C2C3C64C125,21.647075653076172
N#CC1c2ccc3nc2C1(C=O)C#C3,21.074106216430664
CC12C#Cc3ccc1c(c3)C2=O,29.987167358398438
O=C1c2nccc3c2CC1C#C3,30.845151901245117
O=CC12C#Cc3cc(ncc31)CC2,27.37342643737793
O=C1c2nccc3c2C#CC1CC3,32.50155258178711
O=C1c2nc3c4c5c2C45C1C#C3,30.57990264892578
C#CC1CC23C4=CN=C(C1=O)C2=C43,18.827747344970703
C#CC12C(=O)C3=C4N=C1C(=C3)C42,20.769546508789062
C#CC1(C=O)Cc2ccnc1c2,25.106943130493164
O=CC12C#Cc3ccc1c(n3)C2,28.126468658447266
N#CC12C3=NC4=C1C=C3C(=O)C2C#C4,23.98113250732422
O=CC12C#Cc3cc(cc1n3)C2,28.23663330078125
C#CC12C(=O)C3=C4C=C1C(=C3)C42,19.536788940429688
N#CC1c2cc3nc4c2C#CC31C4=O,21.43288803100586
C#CC1(C)C(=O)c2cccc1n2,29.328445434570312
CC1c2ccc3c(c2)C1(C=O)C#C3,22.817916870117188
C#CC12C(=O)c3cc4nc(c31)C42C#N,22.415679931640625
O=CC12C#Cc3cnc(cc31)C2,23.542957305908203
N#CC12c3cc(nc1n3)C#CC2C=O,23.177112579345703
O=C1c2cc3c4c(n2)C1(C#C3)C4,30.64321517944336
O=CC12C#CC3=C4C=C1C(=N3)C42,21.839553833007812
N#CC12c3ccc4c(c31)C(=O)C2C#C4,22.316173553466797
O=C1c2nc3cc4c2CCC14C#C3,30.582725524902344
O=CC12C#Cc3cnc(c1c3)C2,23.360206604003906
C#CC12c3ncc4cc3C1OC42,28.585735321044922
C#CC12C(=O)c3cc1c1c(n3)C12C,26.46961784362793
C#CC12C=Nc3cc4c1c(c3)C42C#N,23.090091705322266
CC12C#Cc3ccnc(c31)C2=O,31.467809677124023
O=C1c2nc3c4c5c2N(C1C#C3)C45,31.927427291870117
N#CCC1(C=O)C#Cc2ccncc21,22.553974151611328
C#CC1(C=O)C23C4=CC5=C(C2=C4)C513,19.763267517089844
N#CC1c2nccc3c2C#CC1C3=O,22.822589874267578
C#CC12CC34C5=NC1=C1C2C3C14C5,27.58379554748535
C#CC1(C)C(=O)c2c3cc-3cc21,24.811260223388672
O=C1c2cncc3c2CC1C#C3,33.771697998046875
O=CC12C#Cc3ncc1c1c3C1C2,25.341001510620117
C#CC12C(=O)c3ncc1c1c3C12,28.729291915893555
N#CC1C2=C3C#CC34C(=NO2)C(=O)C14,30.1956787109375
C#CC12C(=O)c3cc(ccc31)C2C,21.436182022094727
N#CCC1(C=O)C#Cc2ccccc21,19.894371032714844
C#CC12C(=O)c3nc1ccc3C2C#N,22.91907501220703
N#CC12C34C#CC1(C=O)C2(C=C3)C=N4,19.517311096191406
C#CC12C(=O)c3cnc1c(c3)C2C#N,22.04488754272461
C#CC1C(=O)c2cncc3c2C31,30.590606689453125
O=C1c2cc3c4c(n2)C#CC1C34,34.215576171875
O=C1C2=CC3=NC34C3CC1C#CC234,21.54036521911621
O=C1C23C#CC4=C2N=CC12C1C3C412,20.128612518310547
C#CC1C(=O)c2cc3nc(c2)C31C#N,23.64988899230957
CC12C#Cc3cc(nc1c3)C2=O,33.13258361816406
C#CC1C(=O)c2cc3cc(n2)C31C#N,23.115436553955078
N#CC1c2nc3ccc2C#CC1C3=O,22.926074981689453
N#CCC12C#Cc3cnc1c(c3)C2=O,22.54043197631836
C#CC12Cc3c4nc1c2c3C4=O,29.63076400756836
O=C1c2cnc3nc2C#CC1C3,34.21440124511719
CC1c2ccnc3c2C(=O)C1C#C3,31.91657257080078
O=C1C2=C3C4=C5N=C2C53C1C#C4,21.36581802368164
C#CC1(C)C(=O)c2cc3c1c-3n2,30.132112503051758
C#CC1Cc2cnccc2C1=O,30.66740608215332
C#CC1(C=O)c2cnc3c(c2)C31C#N,19.082904815673828
O=C1C2=CC3=CC4=C2C3C1C#C4,18.595802307128906
C#CC(C=O)C1c2ccc3nc2C31,22.772167205810547
C#CC12C(=O)C34C=CC=C1N3C2C4,20.402782440185547
C#CC1C(=O)c2cnc3cc2C31,31.41347312927246
C#CC1(CC#N)C(=O)c2ncccc21,23.91254234313965
N#CC12C3=C4C#CC1(C=O)C4=C2N=C3,17.4559326171875
O=CC12C#Cc3nccc1c3C2,26.8046875
O=CC1C#Cc2cnc3c4c2C4C31,26.608659744262695
C#CC12C(=O)C3=C4N=C1C1=C3CC412,20.80340576171875
N#CC1c2ncc3c4c2C1(C#C4)C3=O,24.641468048095703
N#CC1c2ccc3nc2C(=O)C1C#C3,22.582550048828125
O=C1c2cc3nc4c2C4C1C#C3,30.83310317993164
C#CC12C(=O)c3c4ncc1c3C42,28.19232177734375
C#CC12Cc3c(cncc31)C2=O,25.81919288635254
C#CC1(C=O)C2=CC3=CC(=N2)C31,20.233184814453125
C#CC12C(=O)C3=CC1=CC1=C3C12,19.15149688720703
O=CC12C#Cc3nc4c(cc31)C4C2,27.292770385742188
CC12C#Cc3ccc1c(n3)C2=O,33.305397033691406
C#CC12CC3c4cnc(c1c43)C2=O,25.466632843017578
O=CC12C#CC3=C4N=C1C=C3C42,20.219032287597656
C#CC12C(=O)c3ncc1c1c3C2C1,27.001686096191406
O=C1c2c3cc4nc2C4C1C#C3,29.054340362548828
O=C1c2ccnc3c2CC1C#C3,33.856651306152344
C#CC12C(=O)C3=C4C=C(C1=N3)C42C#N,21.2855224609375
O=C1c2ncc3cc2CC1C#C3,29.55133819580078
O=CC1C#Cc2nc3c4cc2C4C31,26.38705825805664
N#CC1c2cnc3c4c2C#CC31C4=O,20.565731048583984
C#CC12C(=O)C3=C4N=C(C1=C3)C42C#N,20.5797176361084
C#CC12CCc3cnc1cc3C2=O,29.44482421875
O=C1c2c3cnc4c2CC3C1C#C4,31.35406494140625
C#CC1C(=O)c2ccc3c(c2)C1C3,27.93964958190918
C#CC(C=O)C1c2cccc1n2,20.007192611694336
C#CC1CC2c3cnc(cc32)C1=O,29.723735809326172
O=CC12C#Cc3cc(ccc31)C2,25.610946655273438
N#CC1c2cnc3cc2C#CC1C=C3,25.940034866333008
O=CC1C#Cc2ccc(cn2)C1,27.976055145263672
N#CC1c2cc3c4nc2C1(C#C4)C3=O,24.378925323486328
C#CC12Cc3c(cccc31)C2=O,24.560039520263672
O=C1C2=NC3=C4C#CC13C1C2=C41,20.9790096282959
C#CC12C(=O)c3c4nnc1c3C2C4,28.491497039794922
N#CC12C3=CC4=C(C(=O)C1C#C4)C2=N3,25.08035659790039
O=C1C2C#Cc3nccc4c3C2C14,29.63304901123047
C#CC1(C)C(=O)c2cc1ccn2,28.214881896972656
O=C1C2=NC3=C4C#CC15CC3C2=C45,19.953933715820312
C#CC12CC3c4cc1c(nc43)C2=O,26.256702423095703
C#CC1Cc2ncccc2C1=O,30.03072166442871
O=CC12C#Cc3c1cc1nc3C1C2,26.254581451416016
C#CC1(C=O)C2=C3N=C4C(=C2)C431,20.87279510498047
C#CC1C(=O)c2cc3nc(c2)C31C#N,23.64988899230957
C#CC12C(=O)c3ccc1c(n3)C2C#N,21.570377349853516
C#CC1(C#N)c2ccc(nc2)C1C=O,20.060382843017578
O=C1c2ccc3c4c2C(C4)C1C#C3,25.185962677001953
C#CC1C(=O)c2ccc3c(n2)C31,31.602527618408203
C#CC1CC2c3ccnc(c32)C1=O,25.507051467895508
C#CC(C=O)C1Cc2ccnc1c2,22.28119659423828
C#CC12Cc3cc1cc(n3)C2=O,26.877199172973633
O=C1C2=NC3=CC4=C2C3C1C#C4,23.79314422607422
N#CCC12C#Cc3nccc1c3C2=O,22.576557159423828
C#CC12C(=O)c3ncc(cc31)C2C#N,22.618125915527344
N#CC1c2cc3c4nc2C(=O)C31C#C4,30.40349769592285
C#CC1C(=O)c2ccncc2C1C#N,22.80972671508789
C#CC12C(=O)c3cc1cc(n3)C2C,24.741455078125
C#CC12C(=O)c3cc(nc1c3)C2C#N,21.339529037475586
C#CC1(C=O)C2=C3N=C4C(=C2)C3C41,20.670238494873047
C#CC12C(=O)C3=C4C1=C1CC42C3=N1,19.410533905029297
CC1c2nc3cc4c2C1(C#C4)C3=O,27.549880981445312
O=CC1C#Cc2ncccc2CC1,25.292627334594727
C#CC1Cc2c3ccnc2C=C31,31.27237319946289
CC12C#Cc3c1ccnc3C2=O,30.716259002685547
C#CC1(C)C(=O)c2cc1ccn2,28.214881896972656
C#CC12C(=O)c3nc1ccc3C2C#N,22.91907501220703
C#CC1C(=O)C2=C3N=C4C(=C2)C3C41,20.951107025146484
O=C1c2cc3nc4c2CC13C#C4,30.709640502929688
C#CC1(C=O)C2=C3C=NC(=C2)C31C#N,18.079994201660156
C#CC12C(=O)c3cc4nc(c31)C42,28.250045776367188
C#CC1C(=O)c2nc3c4c5c2C1C345,31.05421257019043
C#CC1C(=O)c2ccc(nc2)C1C#N,23.32647705078125
O=CC1C#Cc2cc3nc(c2)C31,27.32144546508789
C#CC12C(=O)C34C5=C1C1=NC(=C53)C124,21.30783462524414
C#CC1Cc2cncc(c2)C1=O,27.439430236816406
C#CC1C(=O)c2cc3cc(n2)C31C,27.151199340820312
N#CC12c3cnc(cc31)C#CC2C=O,19.074953079223633
C#CC12Cc3nc1ccc3C2=O,26.213647842407227
C#CC12C(=O)C3=C1N=C1C4=C3C12C4,20.198501586914062
C#CC1C(=O)C2=C3N=C4C5=C2C35C41,21.17820167541504
N#CCC12C#Cc3cc(nc1c3)C2=O,22.186798095703125
N#CCC12C#Cc3cc1cnc3C2=O,23.415952682495117
C#CC12C(=O)C3=CC1=C1N=C3C12C#N,19.89488410949707
C#CC(C=O)C1C2=C3C4=CC(=N2)C431,20.2557373046875
N#CC1c2ccc3nc2C(=O)C1C#C3,22.582550048828125
C#CC1(C=O)c2ncc3c4c2CC341,25.830631256103516
CC12C3=NC4=C1C=C3C2(C#N)C4=O,25.714298248291016
C#Cc1cccnc1C(=O)CCC#N,19.843181610107422
C#CC1(C)C(=O)c2cccc1c2,25.596012115478516
CC1c2cc3nc4c2C#CC31C4=O,28.068767547607422
O=C1c2nccc3c2CCC1C#C3,29.612314224243164
CC1c2ccnc3c2C1(C=O)C#C3,24.464614868164062
C#CC12C(=O)c3ccc4c1c3CC42,24.652387619018555
O=C1C2=C3C4=C5C(=N2)C53C1C#C4,22.08875846862793
CC1(C=O)C#Cc2ncccc21,27.112199783325195
C#CC1(C=O)c2cccc3c2C31C#N,15.907145500183105
C#CC1(C)C(=O)c2cccc1n2,29.328445434570312
C#CC1C(=O)C23N=CC4=CC25C1C435,21.519556045532227
O=C1c2c3nc4c-3c2CC1C#C4,33.445579528808594
C#CC12C(=O)c3nc4c(cc31)C42C#N,24.53005027770996
C#CC12C(=O)c3ncc4c1c3C42,29.533130645751953
C#CC(C)(C=O)c1ccncc1,18.465763092041016
O=C1c2c3nnc4c2CC13C#C4,30.376855850219727
O=C1c2cc3nc4c2C1(C#C4)C3,33.769126892089844
C#CC1(C)C(=O)c2cccc1n2,29.328445434570312
C#CC12C(=O)C3=C4OC5=C1N3C4C52,24.701061248779297
C#CC12C(=O)C3=C1C=C1C=C3C12C#N,15.168766975402832
C#CC1(C=O)CC23C4=C2C1=C3N=C4,21.346214294433594
C#CC12Cc3ccc1c(c3)C2=O,26.49642562866211
C#CC1(CC#N)C(=O)c2ccnc1c2,26.698875427246094
C#CC12C(=O)C3=NC1=C1C=C3C12C#N,21.379457473754883
N#CC12c3cc1c1c(n3)C#CC2C1=O,22.174942016601562
N#CC1c2nc3cc4c2C(=O)C41C#C3,29.663068771362305
C#CC12Cc3nccc(c31)C2=O,29.30052947998047
C#CC12C(=O)c3ncc(c1n3)C2C#N,30.349117279052734
N#CCC12C#Cc3ncc(cc31)C2=O,23.353046417236328
C#CC1Cc2ccnc(C#N)c2C1=O,20.40567398071289
N#CC1c2cc3cnc2C1(C=O)C#C3,21.91147232055664
CC12C#Cc3cc(c1nn3)C2=O,31.48735237121582
C#CC1CC(=O)c2cc3c(nc2-3)C1,29.92623519897461
C#CC12C(=O)c3cc4c(c1n3)C2C4,29.243026733398438
C#CC12C(=O)C3=C4C1=NC(=C3)C42C#N,18.0140380859375
C#CC1(C=O)C2=CC3=NC(=C2)C31C#N,19.05270767211914
O=CC12C#Cc3nc4c(cc31)CC42,28.783435821533203
N#CC1c2cnc3c4c2C#CC41C3=O,20.399402618408203
C#CC12C(=O)c3cc1c1c(c3)C12C#N,17.50914764404297
N#CC1c2cncc3c2C#CC31C=O,21.356754302978516
C#CC12Cc3c(ccnc31)C2=O,28.258800506591797
N#CCC12C#Cc3cnc(c1c3)C2=O,22.802688598632812
O=CC12Cc3ncc4c1c3C4C2,27.66995620727539
C#CC12C(=O)C3=CC1=NC1=C3C12,21.151918411254883
C#CC1(CC)C(=O)c2ccncc21,30.52579689025879
N#CCC12C#Cc3cnc1cc3C2=O,22.18062973022461
C#CC12C(=O)c3cc4c(c1n3)CC42,30.993247985839844
O=C1c2c3cc4nc2C#CC1C43,34.24566650390625
N#CC12C3=CC=NC1=C3C#CC2C=O,20.003828048706055
CC12C#Cc3cc(ncc31)C2=O,30.3947811126709
C#CC1(C)C(=O)c2cc3cc1c2-3,25.62318229675293
CC1C#Cc2cccc(n2)C1=O,29.478988647460938
CC1C#Cc2ccc(cn2)C1=O,31.503345489501953
C#CC1C(=O)c2cc(ccn2)C1C#N,22.898780822753906
C#CC1C(=O)c2ncc3cc2C31,31.755239486694336
O=C1C2=NC3=C4C#CC1C3C2=C4,21.420833587646484
N#CCC12C#Cc3cc(ccc31)C2=O,19.867029190063477
C#CC12Cc3c1ccnc3C2=O,25.23431396484375
CCC1(C=O)C#Cc2cccnc21,26.076942443847656
O=C1c2cnc3c4c2C#CC13C4,35.13725662231445
CC1C(=O)c2cc1c1nc2C#C1,28.37978744506836
C#CC12Cc3cc1ncc3C2=O,28.04253387451172
C#CC1(C=O)Cc2cc1ccn2,24.763376235961914
C#CC12C(=O)c3cc1ncc3C2C#N,22.28107452392578
C#CC12C(=O)c3c1nc1c4c3C2C14,29.257465362548828
C#CC1C(=O)c2c3ccnc2C31,30.113513946533203
N#CC1c2cc3c4c(n2)C(=O)C31C#C4,25.576580047607422
C#CC12CC3C4=CC(=C3N=C41)C2=O,22.284751892089844
C#CC1CC2c3cc(nc2c3)C1=O,32.16168212890625
O=CC12C#CC34OC1N3C=CC=C24,26.152246475219727
C#CC12C(=O)c3ncc4c1c3C42C,26.432933807373047
O=CC1C#Cc2ncc3c(c2-3)C1,25.48851776123047
Cc1nc2c3cc1C(=O)C(C#C2)C3,27.90553855895996
O=C1c2cc3c4nc2C#CC1C34,35.288150787353516
CCC1C(=O)c2c3ncc1c2C#C3,31.320955276489258
CC12C#Cc3ccc(cc31)C2=O,26.86524200439453
N#CC1C(=O)c2cncc3c2C31,28.548484802246094
C#CC12CCc3ccc1c(c3)C2=O,26.514877319335938
C#CC1Cc2ccc(cc2)C1=O,26.35993766784668
C#CC1(C=O)c2cc3c(cn2)C31C#N,20.441659927368164
N#CC1c2cnc3c4c2C#CC31C4=O,20.565731048583984
C#CC12C(=O)c3nc4c5c(c31)C2C45,28.941022872924805
C#CC12C(=O)c3cc4nc(c31)CC42,29.198759078979492
C#CC(C)(C=O)c1ccccn1,18.41602897644043
C#CC12Cc3ncc1cc3C2=O,26.393020629882812
C#CC1C(=O)c2ccc(nc2)C1C#N,23.32647705078125
C#CC12C(=O)C34C=NC1=CN3C24C#N,24.42060661315918
N#CC1c2c3ncc4c2C1(C#C4)C3=O,24.017658233642578
CC12c3ncc4c(c31)C#CC2C4=O,31.04214859008789
C#CC12C(=O)c3ncc4c1c3C42C#N,23.58920669555664
O=C1C2C#CC34N=CC15C=C3C4C25,20.173931121826172
N#CC1c2cnc3cc2C(=O)C1C#C3,24.627641677856445
C#CC1CCc2cncc(c2)C1=O,27.105224609375
O=C1c2cc3cc4c2C1(C#C3)CC4,29.484745025634766
C#CC12Cc3cc1c(nn3)C2=O,28.060527801513672
C#CC1(C=O)Cc2ccc1nc2,23.27475357055664
C#CC12C(=O)c3cc1cc(n3)C2C#N,21.808115005493164
N#CC12C3=CN4C15C#CC42C(=O)C3=C5,18.953245162963867
C#CC1C(=O)c2c3cnc4c2C3C41,29.980253219604492
C#CC(C=O)C12C3=NC1=C2C=C3,17.64405059814453
C#CC1C(=O)c2c3cncc2C31C#N,20.956148147583008
C#CC1(C=O)c2nccc3c2C31C#N,18.081220626831055
C#CC1C(=O)c2ccnc3c2CC31,30.289716720581055
N#CCC12C#Cc3cc1cc(n3)C2=O,22.79817771911621
C#CC12CCc3nc1ccc3C2=O,27.443206787109375
O=CC12C#Cc3ccc1nc3C2,26.92022705078125
O=CC1C#Cc2cc3c(cn2)C31,27.979158401489258
C#CC12C(=O)c3c4ncc1c3C42,28.19232177734375
CC1c2ccc3c(n2)C1(C=O)C#C3,22.492733001708984
CC12C#Cc3cnc(cc31)C2=O,31.25087547302246
C#CC1C(=O)c2ccc3nc2C31C#N,20.393224716186523
O=C1c2nnc3c4c2C1(C#C4)C3,34.0118408203125
O=CC12C#Cc3cnc4c(c31)C42,28.51719856262207
O=CC12C#CC3=C4N=C5CC41C5=C32,18.79747200012207
CC12C3C#CC4=CN1C2(C=C4)C3=O,18.699560165405273
O=CC12C#Cc3cc4c(c1n3)C42,29.149065017700195
O=C1c2nc3c4cc2C#CC1C43,32.43102264404297
N#CC1(C=O)Cc2nc1c1cc2-1,21.708698272705078
CC1c2ccc3nc2C#CC31C=O,23.094392776489258
C#CC(C)(C=O)c1cccnc1,18.615270614624023
N#CC12C(=O)c3ncc4c(c31)C2C4,27.47987174987793
C#CC1(CC#N)C(=O)c2ccc1nc2,25.972938537597656
O=C1c2cc3nc4c2CC14C#C3,30.96875
O=C1c2cnc3c4c2C#CC14C3,35.116455078125
O=C1c2cc3nc4c2C4C1C#C3,30.83310317993164
N#CC1c2cccc3c2C#CC1C3=O,18.831817626953125
O=C1N2C=C3C=C4C#CC15C3C425,20.984394073486328
C#CC12C(=O)N3OC4=C5C(=C31)C5C42,25.028499603271484
C#CC1C(=O)c2ncc3cc2C31C#N,20.516162872314453
C#CC1(C=O)C2=C3C4=NC(=C2)C431,19.68856430053711
N#CC1c2cc3c(cn2)C(=O)C1C#C3,26.976058959960938
C#CC1C(=O)c2cncc3c2C31,30.590606689453125
N#CC12C3=NC(=C1C=C3)C#CC2C=O,22.518329620361328
O=CC1C#Cc2cc3nnc2C1C3,26.7043514251709
C#CC12Cc3c4nc-4c1c3C2=O,28.133201599121094
C#Cc1nc2c3cc1C(=O)C2C3C#N,24.328092575073242
C#CC1CC23C4=CC2=NC3=C4C1=O,23.373687744140625
C#CC1(C)C(=O)c2ccc1nc2,28.861364364624023
N#CC12C3=NC4=C1C(=C3)C(=O)C2C#C4,24.046781539916992
C#CC12C(=O)C3=NC1=C1C=C3C12,21.637300491333008
C#CC1(CC#N)C(=O)c2cccnc21,27.628765106201172
C#CC1(C=O)c2cc(c3nc2-3)C1C#N,20.180641174316406
CC1c2cc3cc(n2)C1(C=O)C#C3,22.672330856323242
CC12C#Cc3ncc(cc31)C2=O,31.38970947265625
C#CC(C=O)C1c2c3nc4c-3c2C41,24.046878814697266
O=CC12C#Cc3cc(cc1n3)C2,28.23663330078125
N#CC12C3=NC4=C1C1=C3C(=O)C42C#C1,26.281803131103516
C#CC(C=O)C12C3=CN=C1C2=C3,17.806568145751953
N#CC12C3=NC4=C5C1=C3C(=O)C52C#C4,26.062000274658203
C#CC1C(=O)c2ccc3c(n2)C31C#N,22.543771743774414
N#CCC12C#Cc3nc1ccc3C2=O,22.97565460205078
O=C1c2nc3c4c5c2C#CC1C45C3,31.664491653442383
O=CC1C#Cc2cc3cc(n2)C31,27.629913330078125
O=CC1C#Cc2ccc3cc2C31,25.455997467041016
O=C1C2=C3N=C4C5=C2C1(C#C5)C43,22.63756561279297
N#CC12C3=CN=C1C1=C3C2(C#N)C1=O,22.06157684326172
C#CC1C(=O)c2ncc3cc2C31,31.755239486694336
C#CC1C(=O)c2c3nc-3c3c2C31C#N,24.550716400146484
CC1c2cc3c4nc2C1(C#C3)C4=O,28.23147964477539
C#CC12C(=O)C13N=CC14C5=C3C12C54,21.446399688720703
C#CC1(C=O)c2cc3c(cn2)C31C#N,20.441659927368164
N#CCC12C#Cc3cc1ncc3C2=O,23.19673728942871
C#CC1C(=O)C2=CC3=NC=C2C31C#N,19.272552490234375
N#CC12c3cc4nc(c31)C#CC2C4=O,23.46404266357422
C#CC12Cc3ccc1nc3C2=O,25.33814239501953
C#CC1C(=O)c2nc3cc4c2C1C34,30.50075912475586
O=C1c2cnc3c(c2)C#CC1C3,33.978519439697266
O=C1c2cc3nc4c2CC13C#C4,30.709640502929688
N#CC12c3nc1c1cc3C#CC2C1=O,23.028892517089844
O=C1c2ncc3c4c2CC14C#C3,28.51521110534668
N#CCC12C#Cc3ccc1c(n3)C2=O,22.616249084472656
C#CC12Cc3ccnc(c31)C2=O,25.84991455078125
C#CC1C(=O)c2cccc3c2CC31,26.63138198852539
C#CC12C(=O)C3=C4C=C(N=C31)C42,20.57421112060547
C#CC1(C=O)c2cnc3c(c2)C31C#N,19.082904815673828
N#CC1c2cc3ncc2C#CC1C3=O,22.93536376953125
C#CC12Cc3cc(ccc31)C2=O,21.960905075073242
N#CC1c2nccc3c2C(=O)C1C#C3,23.826679229736328
C#CC1(C=O)Nc2cc1ccn2,31.698993682861328
C#CC12C(=O)c3ncc1cc3C2C#N,22.62393569946289
CC12C#Cc3ccnc1c3C2=O,30.232255935668945
O=C1CCc2c3cc(cc21)C#C3,27.86048126220703
C#CC1(C=O)Cc2ccncc21,26.13561248779297
C#CC12C(=O)c3c(cncc31)C2C,25.138526916503906
C#CC1(C=O)CC2C3=CN=C2C=C31,18.48345184326172
C#CC12C(=O)c3cnc4c(c31)C42,28.493297576904297
C#CC1(C=O)c2cncc(c2)C1C,22.192047119140625
N#CC12c3cc1c1nc3C#CC2C1=O,23.197919845581055
C#CC1CC2c3ccc(nc32)C1=O,27.942195892333984
N#CC12C3=CC4=NC15C2C(=O)C35C#C4,23.318065643310547
N#CC1c2cc3c4nc2C#CC41C3=O,21.762109756469727
N#CC1c2c3ncc4c2C(=O)C41C#C3,28.638277053833008
C#CC12Cc3cnc(cc31)C2=O,27.41615104675293
C#CC12Cc3ccc(c1n3)C2=O,25.32246208190918
C#CC12C(=O)C3=C4C(=NC1=C3)C42C,19.274673461914062
CC12C#Cc3cc1cnc3C2=O,30.826610565185547
C#CC12C(=O)C3=C4C=C1C(=N3)C42C#N,20.450008392333984
O=C1c2cnc3c4c2C#CC1C4C#C3,30.663105010986328
O=CC12C#Cc3cnc(c1c3)C2,23.360206604003906
O=C1c2nc3c4c5c2C5CC14C#C3,30.145090103149414
C#CC12Cc3cncc(c31)C2=O,28.59152603149414
N#CC12C3=NC4=C1C(=C3)C(=O)C2C#C4,24.046781539916992
N#CC1c2nc3c4c(c2C41C=O)C#C3,23.71440887451172
C#Cc1nc2c3cc1C(C2)C3=O,28.20948600769043
O=CC1C#Cc2ccnc3c2C31,27.475820541381836
O=C1c2nc3c4cc2CC3C1C#C4,30.003690719604492
C#CC12C(=O)C3=NC4=C5C1=C3C452,21.885221481323242
O=CC12C#Cc3ccnc1c3C2,28.56350326538086
C#Cc1cc2c3cc1C(=O)C3C2,28.501544952392578
C#CC12Cc3nccc1c3C2=O,25.745328903198242
C#CC12Cc3nc1ccc3C2=O,26.213647842407227
C#CC1(C)C(=O)c2cccnc21,28.327184677124023
C#CC1C(=O)C2=C3C=C4N=C2C4C31,20.707401275634766
C#CC12CC34C5=CC13C=C(C2=O)N54,24.952678680419922
N#CC1c2c3cncc2C(=O)C1C#C3,23.198062896728516
CC12c3ncc4c(c31)C#CC2C4=O,31.04214859008789
N#CCC1(C=O)C#Cc2cncc1c2,22.35826301574707
O=C1c2ncc3cc2CCC1C#C3,28.703327178955078
N#CC12C3=NC4=C1C(=C3)C(=O)C2C#C4,24.046781539916992
C#CC1(C=O)c2nccc3c2CC31,25.11492156982422
O=CC12C#Cc3nc4cc(c31)C2C4,27.509721755981445
C#CC1C(=O)c2c3cc(C#N)nc2C31,27.577083587646484
C#CC1(C=O)c2cnc3c4c2C31C4,25.657930374145508
N#CC1c2c3c(nc4c2C(=O)C41)C#C3,27.641319274902344
C#CC1(C)C(=O)c2c3cc1nc2-3,30.13400650024414
N#CC1c2cc3cnc2C1(C=O)C#C3,21.91147232055664
C#CC12Cc3nccc(c31)C2=O,29.30052947998047
C#CC12Cc3nccc(c31)C2=O,29.30052947998047
N#CC1c2cc3c4nc2C#CC31C4=O,22.045921325683594
O=CC1C#Cc2ccc3c(n2)C31,28.08612060546875
C#CC1(C=O)c2cncc(c2)C1C#N,20.08833122253418
C#CC1C(=O)c2ccc3c(n2)C31,31.602527618408203
N#CCC12C#Cc3cc1ncc3C2=O,23.19673728942871
C#CC1Cc2ccccc2C1=O,27.732404708862305
C#CC1(O)C(=O)c2cccc1c2,31.544652938842773
CC12C#Cc3cc(c1cn3)C2=O,34.489768981933594
N#CC1c2c3ncc4c2C1(C#C3)C4=O,23.86688995361328
O=CC12C#Cc3c1cc1nc3CC12,27.208087921142578
CC12C#Cc3cnc(c1c3)C2=O,33.1859245300293
N#CC1c2cc3cc(n2)C(=O)C1C#C3,27.262128829956055
O=CC1C#CC2=C3CC14C2=CC4=N3,17.621524810791016
CC1C#Cc2ccccc2C1=O,31.28059196472168
O=C1c2cc3nc4c2C#CC1C34,35.40150451660156
C#CC12C(=O)C3=C1N1C4C15C=C3C425,23.85881805419922
C#CC1(C)C(=O)c2cc3c1nc2-3,30.225299835205078
O=C1c2c3cccc2CC1C#C3,25.813156127929688
N#CC1c2cc3c4c(c2-3)C(=O)C1C#C4,21.596006393432617
C#CC1C(=O)C2=NOC3=CC24C3C14,30.331836700439453
O=C1c2c3cnc4c2C(C4)C1C#C3,30.440114974975586
C#CC(C=O)C(C#N)c1c2ccnc1-2,15.949071884155273
C#CC12CCc3ccc(c1n3)C2=O,29.457481384277344
C#CC1(C=O)C2=CC3=CC(=N2)C31,20.233184814453125
C#CC1(C=O)c2ncc3cc2C31C#N,18.55069923400879
C#CC12C(=O)C3=C4C=C(CC41)C2=C3,19.32855987548828
C#CC12CCc3cc(ncc31)C2=O,29.11977767944336
O=C1c2c3ncc4c2CCC14C#C3,32.455928802490234
O=C1c2cc3c4c(n2)C4C1C#C3,33.137550354003906
C#CC12CC3=C(ON1C(C)=C3)C2=O,23.97298812866211
N#CC1c2cnccc2C#CC1C=O,16.10584259033203
C#CC12C(=O)c3cc4nc(c31)C42C,25.819782257080078
C#CC1C(=O)C2=C3N=C4C=C2C3C41,21.20065689086914
O=C1c2cc3c(cn2)C#CC1CC3,39.16553497314453
N#CCC12C#Cc3nc(ccc31)C2=O,22.483722686767578
C#CC12C(=O)c3nc4cc(c31)C42,29.405838012695312
C#CC12Cc3c(cccc31)C2=O,24.560039520263672
O=C1c2nccc3c2CCC1C#C3,29.612314224243164
C#CC1(C=O)c2ncc3cc2C1C3,26.403419494628906
O=CC12C#Cc3nc1ccc3CC2,25.55880355834961
C#CC1C(=O)c2ncc3cc2CC31,32.55538558959961
O=CC12C#CC3=C4N=C(C=C31)C42,18.643699645996094
CC12C#Cc3cncc1c3C2=O,29.857059478759766
C#CC1(C)C(=O)c2cnc3c1c2-3,30.237031936645508
C#CC12Cc3c1ccnc3C2=O,25.23431396484375
C#CC12CC3c4cnc(c1c43)C2=O,25.466632843017578
O=C1c2nc3cc4c2C#CC1C34,32.357975006103516
CC1c2ncc3c4c2C(=O)C41C#C3,32.99494171142578
N#CC1C(=O)c2cnnc(c2)C1C#N,26.295337677001953
C#CC1C(=O)c2ccc3nc2C31,30.87863540649414
C#CC12Cc3cc(ccc31)C2=O,21.960905075073242
C#CC12Cc3cc1c(cn3)C2=O,29.516672134399414
O=CC12C#Cc3c1ncc1c3C12,26.850597381591797
C#CC1C(=O)c2cccnc2C1C#N,23.501728057861328
N#CC12c3cc4nc1c3C#CC2C4=O,24.492238998413086
N#CCC12C#Cc3cnc(c1c3)C2=O,22.802688598632812
C#CC12C(=O)c3c1ccnc3C2C#N,22.89276885986328
C#CC1(C=O)C2=C3CC14C2=CN=C34,21.126800537109375
C#CC12C(=O)C3=C4C(=NC1=C3)C42,20.194683074951172
N#CC12c3cc1c1nc3C#CC2C1=O,23.197919845581055
C#CC1(CC#N)C(=O)c2cc1ccn2,25.62326431274414
CC12C#Cc3cc(cnc31)C2=O,30.71392822265625
C#CC12C(=O)c3cc(cc1n3)C2C#N,22.11536407470703
C#CC12C3=NC4=C(C1=C3C4=O)C2C#N,23.973705291748047
C#CC1(C=O)C2=C3N=CC4=C2C431,19.787797927856445
O=CC1C#Cc2nc3cc-3c2CC1,25.3172607421875
C#CC12C#Cc3cc1ncc3C2=O,29.474994659423828
C#CC1C(=O)c2nc3c4c5c2C5C341,30.81087875366211
C#CC1C(=O)c2nc3c4c-3c2C41C#N,25.36148452758789
C#CC1C(=O)c2cc3nc(c2)C31,31.111818313598633
C#CC1C(=O)c2cc3nc(c2)C31C,27.951383590698242
N#CCC1C#Cc2cc(ccn2)C1=O,27.25760269165039
N#CC12C3=NC4=C1C=C3C2(C=O)C#C4,19.339956283569336
C#CC1(CC)C(=O)c2cc1ccn2,31.354829788208008
N#CC12C3=CC4=C1C(=N3)C(=O)C2C#C4,19.81039810180664
N#CC1c2c3nc4c5c2CC1(C3=O)C45,30.31666374206543
C#CC12C(=O)C3=C1N=C1C=C3C12C#N,20.83441925048828
N#CC1c2cnc3c(c2)C(=O)C1C#C3,31.011127471923828
O=CC12C#Cc3nc(ccc31)C2,26.52238655090332
O=C1c2cc3c4c(n2)C4C1C#C3,33.137550354003906
C#CC12CC34C5=C1C3(C2=O)N4C=C5,23.419757843017578
N#CC1c2ncc3cc2C#CC1C3=O,23.879318237304688
C#CC12CC34C(=O)C(=CN13)C=C24,19.46248435974121
C#CC1(C)C(=O)c2ccnc1c2,27.35249137878418
C#CC12C(=O)c3c4cnc1c3C42C#N,21.957059860229492
N#CC12C3=NC=C4C(=O)C1C#CC3=C42,24.786712646484375
N#CC1c2cc3c4nc2C(=O)C41C#C3,30.063199996948242
O=C1c2nc3cc4c2C#CC1C34,32.357975006103516
C#CC12C=Cc3cc(c1cn3)C2C#N,20.78097915649414
C#CC1(C=O)c2ncc3cc2C31O,34.732879638671875
C#CC1(C=O)c2cccc(n2)C1C#N,19.35923957824707
C#CC1(C=O)c2cnc3cc2C31C#N,18.915969848632812
N#CCC12C#Cc3cc(ncc31)C2=O,23.363250732421875
CC1C#Cc2cc(ccn2)C1=O,30.11903953552246
N#CC1c2cc3ncc2C#CC31C=O,21.813121795654297
C#CC(C=O)CC12C3=CC=NC1=C32,17.307899475097656
O=C1c2cnc3c4c2C3C1C#C4,30.748085021972656
C#CC(C=O)C1C2=C3N=C4C=C2C431,20.064884185791016
O=C1c2cc3c4c(n2)C1(C#C4)C3,30.930208206176758
N#CCC12C#Cc3cc(cnc31)C2=O,23.899682998657227
N#CC12c3cc1c1nc3C#CC2C1=O,23.197919845581055
C#CC1Cc2ccnc(c2)C1=O,27.232858657836914
C#CC1C(=O)C2=CC3=CN=C2C31C#N,17.993793487548828
C#CC12C(=O)c3cc4c(c1n3)C42C#N,22.532386779785156
N#CCC12C#Cc3ncc(cc31)C2=O,23.353046417236328
C#CC1(CC#N)C(=O)c2cnncc21,25.357715606689453
N#CC12c3nc4cc(c31)C#CC42C=O,22.716144561767578
O=C1c2cc3c4cc2C#CC13C4,28.561649322509766
N#CC1c2c3cnc4c2C(=O)C41C#C3,27.616100311279297
C#CC1(C=O)c2ncc3c4c2C4C31,24.926876068115234
O=C1c2cncc3c2C#CC12CC32,29.615713119506836
C#CC1C(=O)c2ccc(cn2)C1C#N,23.648929595947266
C#CC12Cc3nccc1c3C2=O,25.745328903198242
O=C1c2cc3c4nc2C1(C#C4)CC3,32.80392074584961
C#CC1C(=O)c2cc3cc(n2)C31C#N,23.115436553955078
C#CC1C(=O)C2=NC3=CC=C2C31C,19.404142379760742
C#CC12C(=O)c3c4cc(cc31)C2C4,25.416866302490234
N#CC12c3cc1c1c(n3)C(=O)C2C#C1,23.15291976928711
N#CC1C2C(=O)C13C=NC2=CC31C#C1,20.960355758666992
O=CC12C#Cc3c(ccnc31)C#CC2,22.63132667541504
C#CC12C(=O)c3cc(cc1n3)C2C#N,22.11536407470703
CC12C#Cc3cnc(c1c3)C2=O,33.1859245300293
N#CC1c2c3cc4nc2C#CC31C4=O,21.931324005126953
O=C1c2c3cc4nc2C#CC1C43,34.24566650390625
C#CC12C(=O)c3cc1c(cn3)C2C#N,21.48538589477539
O=C1C2=C3C#CC14CC1C3=NC4=C21,19.073884963989258
N#CC1c2c3cnc4c2C(=O)C41C#C3,27.616100311279297
N#CC12C3=NC1=C1C#CC2(C=O)C1=C3,18.26447868347168
C#CC1(CC#N)C(=O)c2cccc1n2,26.798538208007812
O=C1c2cc3c4nc2C#CC14C3,34.71034240722656
C#CC12C(=O)C3=C4N=C1C(=C3)C42C,19.941638946533203
C#CC1C(=O)c2cnc3c(c2)C31,29.922935485839844
C#CC1(C=O)Cc2cc1ccn2,24.763376235961914
C#CC1(C=O)C2=C3C4=C5N=C2C1C534,20.176239013671875
C#CC1(C)C(=O)c2cnccc21,27.860580444335938
O=C1c2c3cnc4c2C#CC13C4,33.2054443359375
C#CC12Cc3ccc1c(n3)C2=O,28.187414169311523
C#CC12Cc3ncc1cc3C2=O,26.393020629882812
C#CC12Cc3cc1cnc3C2=O,25.783885955810547
O=C1c2nc3c4cc2C#CC13C4,31.940200805664062
C#CC1C(=O)c2cncc3c2C31C#N,20.17742156982422
O=C1c2nc3c4cc2C#CC1C43,32.43102264404297
N#CCC1C#Cc2ccnc(c2)C1=O,22.78474998474121
CC1c2c3ccc4c2C1(C#C4)C3=O,21.489784240722656
CC1c2cc3ccc2C#CC1C3=O,23.309234619140625
C#CC12C(=O)c3c(cncc31)C2C#N,22.7458553314209
C#CC12Cc3ccc(cc31)C2=O,22.389015197753906
C#CC12C(=O)c3c4cnc1c3C42,27.888980865478516
N#CC1c2c3cc4nc2C1(C#C4)C3=O,24.192474365234375
C#CC1=C2N=C3CC24C(=O)C1=C34,23.050996780395508
C#CC1(C=O)c2nc3c4c(c2-4)CC31,28.137136459350586
C#CC1(C=O)CC2C3=CC2=C1C=C3,17.839834213256836
C#CC1CC2c3nccc(c32)C1=O,30.38039779663086
C#CC12C(=O)C3=CC45CC41C5=CN32,22.80743408203125
C#CC12C(=O)c3cc4c1c(n3)C2C4,28.893362045288086
C#CC12C(=O)NC1c1cncc2c1,33.87399673461914
C#CC12C(=O)C1C21C2=CC=CC1=C2,17.80017852783203
C#CC1(C)C(=O)c2ccnc1c2,27.35249137878418
C#CC12Cc3cccc1c3C2=O,21.750560760498047
CC1c2nc3cc4c2C1(C#C3)C4=O,27.719818115234375
CC12C#Cc3c(cncc31)C2=O,29.824323654174805
O=C1c2ncc3c4c2C3C1C#C4,28.621387481689453
O=C1c2c3cccc2CC1C#C3,25.813156127929688
C#CC12CC3c4cc1nc(c43)C2=O,25.36981964111328
C#CC1(C=O)c2ccc3c(n2)C1C3,26.808879852294922
C#CC12CCc3cnc(cc31)C2=O,28.29096221923828
O=C1c2cc3c4c(c2)C(C3)C1C#C4,23.477466583251953
O=CC12C#Cc3cc4c(nc31)C4C2,27.047454833984375
C#CC1C(=O)c2cnc3c(c2)CC31,31.360076904296875
N#CC12C=CC34C#CC3(C=O)C1C4=N2,19.131954193115234
CC12C#Cc3cnc1cc3C2=O,30.22533416748047
C#CC(C=O)C12C3=NC1=C1C(=C3)C12,18.936349868774414
C#CC1(C=O)CCc2cc1ccn2,25.980670928955078
N#CC12C3=CC4=C1N=C3C2(C=O)C#C4,18.998180389404297
C#CC1Cc2ncccc2C1=O,30.03072166442871
O=C1c2nc3ccc2C#CC1C3,32.31785583496094
O=C1C23C#CC45N=NC2=CC14C35,22.130491256713867
C#CC12C(=O)c3ccc(cc31)C2C,20.325611114501953
C#CC12Cc3cc(c1cn3)C2=O,29.71293067932129
OC1c2c3cc4nc2CC4C1C#C3,28.31435775756836
CC1c2cc3c4nc2C1(C#C3)C4=O,28.23147964477539
C#CC1(C=O)c2c3cccc2C31C#N,16.077423095703125
C#CC12C(=O)c3nc4c(c1c3-4)C2C#N,24.724227905273438
C#CC1Cc2ccncc2C1=O,30.969696044921875
O=C1c2c3c4nc5c2C(C4)C15C#C3,30.648733139038086
N#CC12c3cc1c1c(n3)C#CC12C=O,20.98886489868164
CC12C#Cc3cnc(c1c3)C2=O,33.1859245300293
N#CC1c2nc3cc4c2C(=O)C41C#C3,29.663068771362305
N#CC12C3=NC4=C5C#CC41C(=O)C3=C52,21.83670425415039
C#CC12Cc3cccc(c31)C2=O,22.80751609802246
C#CC1(C=O)C2=C3N=C4C=C2C431,20.756511688232422
C#CC1(C)C(=O)c2ccccc21,24.990497589111328
C#CC12Cc3cc(cnc31)C2=O,25.54425621032715
C#CC12C3=C4C5=NC16C(=O)C2C46C53,20.488601684570312
C#CC1C(=O)c2c3ccnc2C31C#N,20.366928100585938
C#CC12C(=O)c3cc4nc1c3C2C4,27.23005485534668
O=C1c2c3cnc4c2C1(C#C3)CC4,32.731788635253906
O=C1C2C#CC3=NC14OC1=C3C4C12,23.807186126708984
N#CC1c2ccnc3c2C(=O)C1C#C3,22.569477081298828
O=C1c2c3cc4nc2C1(C#C4)C3,31.799715042114258
CC12C#Cc3cc1cc(n3)C2=O,32.629642486572266
O=C1c2c3cc4nc2C4C1C#C3,29.054340362548828
C#CC12Cc3c1ccnc3C2=O,25.23431396484375
C#CC1C(=O)c2ccc3c(n2)C31C#N,22.543771743774414
O=CC12C#Cc3ccnc1c3CC2,27.240631103515625
C#CC1(C=O)Cc2ncccc21,25.875072479248047
C#CC(C=O)C12C#Cc3cnc1cc32,20.795413970947266
O=CC12C#CC3=C4N=CC(=C31)C42,18.386993408203125
C#CC12C(=O)C3=C1N=C1N=C3C12C#N,25.328163146972656
CC12C#Cc3ccc(nc31)C2=O,32.65111541748047
C#CC12Cc3cc1c(cn3)C2=O,29.516672134399414
N#CC1c2cnc3c4c2C(=O)C31C#C4,29.521953582763672
O=CC12C#Cc3ccnc1c3C2,28.56350326538086
O=C1C23C#CC4=CC15C(C2)N5N=C43,22.876434326171875
N#CCC1(C=O)C#Cc2ccc1cn2,22.806541442871094
N#CC1c2cc3nc(c2)C(=O)C1C#C3,26.188671112060547
O=C1c2nc3cc4c2C#CC1C34,32.357975006103516
C#CC12Cc3ccnc1c3C2=O,25.666412353515625
C#CC12C(=O)c3ccc1cc3C2C,22.716510772705078
C#CC12Cc3nccc1c3C2=O,25.745328903198242
N#CC1c2ccnc3c2C#CC31C=O,21.316173553466797
C#CC12C(=O)c3cc4c(c1n3)C42,29.098230361938477
O=C1c2cc3c4c(n2)CCC13C#C4,34.10557174682617
C#CC12c3cc4cc1c3cc4C2C#N,19.533445358276367
N#CC1c2cc3c4c(n2)C(=O)C31C#C4,25.576580047607422
C#CC12C(=O)c3cnc(c1c3)C2C#N,22.284954071044922
O=CC1C#CC2=NC3=CC=C2C31,16.792463302612305
N#CC1c2cc3cc(n2)C(=O)C1C#C3,27.262128829956055
C#CC1(C)C(=O)c2cccc1c2,25.596012115478516
O=CC12Cc3nc4c(c1c32)C#C4,26.61587142944336
C#CC1Cc2ccnc(c2)C1=O,27.232858657836914
N#CC1c2ccc3c(n2)C(=O)C1C#C3,25.59069061279297
C#CC1C(=O)c2cc3cc(n2)C31,31.886323928833008
C#CC1(C=O)c2cncc3c2C31,25.8730411529541
N#CC12C3=C4C#CC15C(=O)C(=C32)N=C45,22.67885971069336
C#CC12Cc3cncc(c31)C2=O,28.59152603149414
O=CC12C#CC3=C4N=C5C(=C31)C542,20.556432723999023
C#CC12C(=O)c3cc1cnc3C2C#N,22.391496658325195
N#CCC12C#Cc3cnc1c(c3)C2=O,22.54043197631836
C#CC12C(=O)c3nc1ccc3C2C#N,22.91907501220703
C#CC1(CC#N)C(=O)c2cccnc21,27.628765106201172
C#CC12C(=O)c3cc4c(c1c3)C42,24.9237060546875
O=C1c2cc3c4nc2C#CC14C3,34.71034240722656
CC1c2cc3cnc2C(=O)C1C#C3,29.55011749267578
N#CC1C2C(=O)C3=C4C(=C5C#CC541)N32,22.963048934936523
N#CC12N3C4=CC4=C4C1(C=O)C#CC432,20.48670196533203
C#CC12C(=O)c3cnc4c1c3C42C#N,23.172534942626953
C#CC1(C)C(=O)c2cccc1n2,29.328445434570312
N#CC1c2nc3cc4c2C1(C#C3)C4=O,24.419254302978516
C#CC12Cc3cccc1c3C2=O,21.750560760498047
N#CC1c2cc3c(cn2)C#CC1C3=O,22.46477699279785
N#CC1c2cc(c3nc2-3)C#CC1C=O,19.808292388916016
O=C1c2nc3c4c(c2CC14)C#C3,29.10411834716797
C#CC12Cc3nc1ccc3C2=O,26.213647842407227
C#CC12C(=O)C3=NC1=C1C=C3C12,21.637300491333008
C#CC12C(=O)c3nc4c5c1c3C2C45,29.69957733154297
N#CC1c2cnc3c(c2)C#CC1C3=O,24.819852828979492
N#CC12c3nc4cc(c31)C#CC2C4=O,24.526927947998047
C#CC1(C#C)C(=O)c2cccc1n2,29.008071899414062
CC12C#Cc3nc(ccc31)C2=O,32.09446334838867
O=C1c2cc3c4c(n2)C4C1C#C3,33.137550354003906
O=C1c2c3c4nc5c2C3CC15C#C4,31.088611602783203
CC1c2c3ccnc2C#CC1C3=O,30.06058692932129
C#CC12Cc3cnc(c1c3)C2=O,30.011619567871094
C#CC1C(=O)c2ccc3c(n2)C31C#N,22.543771743774414
C#CC12C(=O)c3nc4c(cc31)C42C#N,24.53005027770996
C#CC1C(=O)c2cc3c4c(n2)C341,30.499975204467773
C#CC1(C)C(=O)c2cccc1c2,25.596012115478516
C#CC12C(=O)C3=C4C(=CC1=N3)C42,20.904203414916992
CC1(C=O)C#Cc2ccccc21,26.18407440185547
O=C1CC2c3cccc4c3C#CC142,27.371788024902344
C#CC1(C=O)c2cnccc2C1C#N,17.897235870361328
C#CC1(C)C(=O)c2ccc1nc2,28.861364364624023
C#CC1C(=O)c2ncc3c4c2C341,29.94301414489746
C#CC12C(=O)c3cc(cnc31)C2C#N,22.06689453125
N#CC12C3=C4C#CC15C(=O)C3=CN5N42,24.7788028717041
C#CC12C(=O)C3=C4C1=CC(=N3)C42C#N,21.00653076171875
C#CC12CC34C5=NC3=C4C(=C51)C2=O,20.90296173095703
C#CC1(C=O)c2ncc3c4c2C341,24.70921516418457
O=C1c2c3cnc4c2CNC13C#C4,31.87683868408203
C#CC12Cc3ncc(cc31)C2=O,28.56957244873047
C#CC12Cc3ncc1cc3C2=O,26.393020629882812
C#CC1(C=O)c2cccc3c2CC31,23.01467514038086
CC1c2ccc3c(n2)C1(C=O)C#C3,22.492733001708984
C#CC12Cc3c4nc1c-4c3C2=O,29.922527313232422
C#CC1C(=O)c2cncc3c2C31C#N,20.17742156982422
C#CC12Cc3cc1cnc3C2=O,25.783885955810547
C#CC1C(=O)c2c3ncc-3c2C1C#N,21.544036865234375
N#CC1c2ccc3nc2C1(C=O)C#C3,21.074106216430664
O=C1c2c3cc4nc2C2C4C12C#C3,30.789405822753906
O=C1c2cnc3c(c2)C#CC1C3,33.978519439697266
N#CC1c2nccc3c2C(=O)C1C#C3,23.826679229736328
N#CC12c3cc1c1c(n3)C(=O)C2C#C1,23.15291976928711
C#CC1(C)C(=O)c2cc1ccn2,28.214881896972656
O=C1c2c3c4nc5c2C1(C#C4)C5C3,29.31390380859375
C#CC1(C)C(=O)c2ccc1cn2,29.333248138427734
C#CC12C(=O)c3ncc1cc3C2C#N,22.62393569946289
C#CC1(C=O)C2=C3C=NC4=C2C341,19.470462799072266
N#CC12C3=C4C#CC1(C=O)C4=C2N=C3,17.4559326171875
C#CC12C(=O)C3=C1C1=NC4=C3C4C12,20.741840362548828
N#CC12c3cccc(c31)C#CC2C=O,15.67423152923584
C#CC12C(=O)c3ccc(cc31)C2O,22.09549331665039
O=CC12C#Cc3cc(cc1c3)C2,25.0767822265625
O=C1c2nc3c4c5c2C#CC15CC34,32.378509521484375
C#CC1(C=O)c2ccc(nc2)C1C#N,19.983692169189453
C#CC1C(=O)c2c3ccnc2C31,30.113513946533203
O=C1c2c3nc4c5c2C5(C4)C1C#C3,31.300334930419922
CC12C3=NC4=NC(=C31)C(=O)C42C#N,29.078392028808594
C#CC1(CC#N)C(=O)c2cc1ccn2,25.62326431274414
N#CC1c2nccc3c2C#CC31C=O,21.518112182617188
N#CC1c2cc3c4c(n2)C#CC41C3=O,22.920223236083984
O=C1C2C#CC3=CC14C2N4C=C3,22.094390869140625
C#CC1(C=O)c2cc3c4nc2C41C3,27.491294860839844
C#CC12C(=O)C3=C4C(=NC1=C3)C42,20.194683074951172
O=C1C2=C3C#CC14C3=C1N=C2C14,20.83074188232422
CC1(C=O)C#Cc2c1cc1nc2-1,26.707901000976562
C#CC12Cc3cc1cnc3C2=O,25.783885955810547
N#CC1c2ncc3cc2C#CC1C3=O,23.879318237304688
C#Cc1c2c3cc4c1C4(C#N)C3C2=O,19.096094131469727
C#CC1C(=O)C2=CC3=NC4=C2C341,20.373760223388672
N#CCC12C#Cc3ccc(nc31)C2=O,22.97675323486328
O=C1c2nc3c4cc2CC13C#C4,28.661996841430664
C#CC12C(=O)C3=C4N=C1C=C3C42C#N,20.97307586669922
CC1c2cc3cc(n2)C(=O)C1C#C3,29.167573928833008
O=Cc1cc2c3c(n1)C(CC#C3)C2,27.812171936035156
C#CC12C(=O)C3=CN1N(C=C3)C2C#N,21.793216705322266
C#CC1C(=O)c2ccc(cn2)C1C#N,23.648929595947266
C#CC1C(=O)c2nccc3c2C31C,26.394908905029297
C#CC12Cc3cnc(c1c3)C2=O,30.011619567871094
C#CC1C(=O)C2=C3N=C4C(=C2)C431,21.19375228881836
C#CC12C(=O)c3ncc1c1c3C12,28.729291915893555
C#CC1Cc2ccc(cn2)C1=O,27.36186408996582
O=CC1C#Cc2ncc3c(n2)CC31,30.63823699951172
C#CC1C(=O)C2=C3N=C4C=C2C4C31,21.212913513183594
C#CC1C(=O)c2cnc3cc2C1C3,31.431453704833984
C#CC12Cc3c(ccnc31)C2=O,28.258800506591797
O=C1c2cnc3c(c2)CC1C#C3,28.871604919433594
N#CC1c2nc3cc4c2C1(C#C4)C3=O,24.567535400390625
O=CC12C#Cc3c(ccnc31)C2,25.62783432006836
O=CC12C#Cc3ccnc(c31)C2,24.214799880981445
O=CC1(O)C#Cc2ccc1cn2,31.222877502441406
O=C1c2c3ncc4c2C(C3)C1C#C4,30.70061492919922
O=C1c2ncc3c4c2C#CC13CC4,35.722328186035156
C#CC1(C=O)CC2c3nccc1c32,27.19350814819336
O=CC12C#Cc3nc1c1cc3C12,26.663320541381836
O=CC12C#Cc3cc(ncc31)C2,26.636470794677734
C#CC1=C2C3=NC=C1C3(C=O)C2C,17.18134117126465
C#CC12C(=O)C3=CC=CC14N3C24C,20.500131607055664
C#CC1(C=O)c2cc3cc(n2)C1C3,27.252948760986328
C#CC1(C=O)C2=C3C=C4C(=N2)C3C41,19.099443435668945
C#CC12C(=O)c3cc(ncc31)C2C#N,21.825992584228516
C#CC12C(=O)c3nc(ccc31)C2C#N,22.682579040527344
C#CC12C(=O)c3cc(cnc31)C2C#N,22.06689453125
N#CCC12C#Cc3cncc1c3C2=O,24.02867317199707
N#CC12C3=CN=C1C=C3C#CC2C=O,18.963329315185547
CC12C#Cc3c1ccnc3C2=O,30.716259002685547
C#CC1(C=O)C2C34C5=CC=CC13C524,21.078441619873047
C#CC12CCc3ccnc(c31)C2=O,26.248395919799805
CCC12C#Cc3nc(ccc31)C2=O,31.13545799255371
C#CC1C(=O)c2ccc3c(n2)C31,31.602527618408203
N#CC12c3nc1c1cc3C#CC2C1=O,23.028892517089844
C#CC1C(=O)c2nccc3c2C31C#N,20.12869644165039
N#CC1c2cnc3c(c2)C#CC1C3=O,24.819852828979492
C#CC1(C=O)c2ccnc(c2)C1C#N,19.85942840576172
N#CC1c2nc3ccc2C(=O)C1C#C3,25.148208618164062
C#CC12C(=O)c3ccc(cc31)C2C#N,17.395336151123047
N#CC12C3=CC14C#CC2C(=O)N4C=C3,19.996660232543945
C#CC1C(=O)c2ccc3nc2CC31,31.391563415527344
C#CC1CC2C3=CC=C2C(=N3)C1=O,22.455379486083984
C#CC1C(=O)c2ncccc2C1C#N,22.098251342773438
N#CC12C3=NC=C4C(=O)C1C#CC3=C42,24.786712646484375
O=C1c2cc3c4nc2C#CC13C4,34.82610321044922
O=C1c2cc3c4c(n2)CCC14C#C3,33.724769592285156
C#CC12C(=O)c3nc1ccc3C2C#N,22.91907501220703
C#CC12C(=O)c3nc1cc1c3CC12,30.069377899169922
N#CC12C3=NC4=C1C=C3C(=O)C2C#C4,23.98113250732422
C#CC12C(=O)C3=CN1C=C1C4C2C314,20.21872329711914
C#CC12C(=O)c3cc4nc(c31)C42C#N,22.415679931640625
C#CC1C(=O)c2cc3cnc2C1C3,31.100278854370117
O=C1C2=CC3=C4C5C6C1(C#C3)N2C456,22.155994415283203
N#CC12c3nc4cc(c31)C#CC2C4=O,24.526927947998047
O=C1c2ccc3c(n2)C#CC1C3,33.48997497558594
O=C1CC23C4=C5C2C32C(=N4)C#CC152,19.979402542114258
C#CC1C(=O)C2=C3N=C4C=C2C31C4,20.824222564697266
C#CC12C(=O)C34C=CC5(CC531)C2=N4,21.20975685119629
N#CC1c2cc3c4nc2C#CC41C3=O,21.762109756469727
C#CC12CCc3ccc1c(n3)C2=O,31.37181282043457
C#CC1(C)C(=O)c2ccnc1c2,27.35249137878418
N#CC1c2c3ccnc2C#CC31C=O,23.051956176757812
C#CC12Cc3cnc(cc31)C2=O,27.41615104675293
C#CC1(C)C(=O)c2cccc1c2,25.596012115478516
O=CC12C#Cc3cc(cc1n3)C2,28.23663330078125
N#CC12c3c(c4c#cc3nc41)C2C=O,22.811386108398438
N#CC1c2ccc(cn2)C#CC1C=O,23.38503646850586
C#CC1(C=O)c2cnc3cc2C31C#N,18.915969848632812
O=C1c2cc3nc4c2C#CC13C4,34.57935333251953
C#CC12C(=O)C3=C4C(=NC1=N3)C42C#N,25.339298248291016
C#CC12C(=O)c3nc(ccc31)C2C#N,22.682579040527344
N#CC12c3cc1c1nc3C#CC2C1=O,23.197919845581055
C#Cc1cc2c3c4c1C3(C#N)C4C2=O,19.30801010131836
N#CC1c2c3cc4nc2C(=O)C41C#C3,29.671546936035156
C#CC12C(=O)C3=C4C=C1C(=N3)C42,19.981246948242188
C#CC12CC3c4nc1cc(c43)C2=O,25.834129333496094
N#CCC12C#Cc3cc(cnc31)C2=O,23.899682998657227
O=C1C#CCc2c3ncc1c2C#C3,17.100582122802734
O=CC12C#Cc3cncc(c31)CC2,24.69694709777832
CC12C#Cc3c(ccnc31)C2=O,30.98812484741211
C#CC12C(=O)C34C=C1C=C1N3C124,22.324932098388672
C#CC12C(=O)c3nc4c(cc31)C42,29.490009307861328
O=CC12C#Cc3cnc(c1c3)CC2,23.374744415283203
O=C1c2cc3c4c(n2)CC14C#C3,33.41362762451172
C#CC1(CC#N)C(=O)c2cncc1c2,26.77987289428711
C#CC1(C=O)c2cnccc2C1C#N,17.897235870361328
C#CC12C(=O)c3cnc4c1c3C2C4,27.843652725219727
N#CC1c2c3cncc2C(=O)C1C#C3,23.198062896728516
N#CC1c2cc3c(cn2)C1(C=O)C#C3,21.2871150970459
C#CC12C(=O)C3=NC4=C1C41C4C2C341,21.663015365600586
O=C1C23C#CC4=C5C(=N2)C2C15C423,20.69402313232422
C#CC1C(=O)c2ccc3c(n2)C31,31.602527618408203
C#CC1(C=O)c2cccc3c2C1C3,22.558456420898438
N#CC1c2ncc3c4c2C#CC41C3=O,20.858245849609375
CC1C2(C=O)C#CC3=C4N=C5C34C512,18.50200843811035
C#CC12C(=O)c3c1ncc1c3C12C#N,21.366931915283203
C#CC1C(=O)c2cc3nc(c2)C1C3,31.047441482543945
N#CC1c2nccc3c2C(=O)C1C#C3,23.826679229736328
C#CC1C(=O)c2cccnc2C1C#N,23.501728057861328
O=C1c2c3ccc4c2C#CC14C3,25.765911102294922
C#CC12C(=O)C3=C4N=C(C1=C3)C42C#N,20.5797176361084
N#CC1c2nc3ccc2C1(C=O)C#C3,21.426376342773438
C#CC1Cc2ccc(nc2)C1=O,30.335979461669922
N#CC1c2nccc3c2C#CC31C=O,21.518112182617188
C#CC12Cc3ccc(nc31)C2=O,27.539962768554688
C#CC1C(=O)c2cc3cc(n2)C31,31.886323928833008
C#CC12C(=O)c3ncc1c1c3C12C#N,22.110393524169922
C#CC1C(=O)c2nccc3c2CC31,30.43511962890625
C#CC12C(=O)c3cc4c(c1n3)C42C#N,22.532386779785156
C#CC12C(=O)C3=C4N=C(C1=C3)C42,20.837373733520508
C#CC12CCc3cc(ncc31)C2=O,29.11977767944336
C#CC1C(=O)C23C=C4C5(C=N2)C3C415,21.143226623535156
N#CC1c2cncc3c2C#CC1C3=O,22.724891662597656
N#CCC1C#Cc2c3ncc(c2-3)C1=O,23.514057159423828
O=C1c2ccc3c(n2)C#CC1C3,33.48997497558594
N#CC1c2c3cc4nc2C#CC31C4=O,21.931324005126953
CC12c3nc4cc(c31)C#CC2C4=O,30.421127319335938
C#CC12C(=O)c3cc1cc(n3)C2C,24.741455078125
C#CC1C(=O)c2nc3ccc2C1C3,32.086708068847656
N#CC1c2c3cnc4c2C1(C#C4)C3=O,23.26464080810547
C#CC(C=O)C1Cc2ccc1nc2,21.43581771850586
C#CC12Cc3cc1ncc3C2=O,28.04253387451172
C#CC1(C)C(=O)c2ccccc21,24.990497589111328
C#CC1C(=O)c2cc3cc(n2)C1C3,31.658578872680664
CC1(C=O)C#Cc2cccnc21,25.6768741607666
C#CC12C(=O)C3=C1N1C4=C(O3)C12C4,27.425382614135742
C#CC12C(=O)N3C=CC14C=C3C42,22.84549331665039
N#CC1c2cc3ncc2C(=O)C1C#C3,23.919342041015625
C#CC1(C=O)Cc2ccnc1c2,25.106943130493164
O=CC12C#Cc3nc1ccc3C2,26.979843139648438
C#CC1C(=O)c2ccncc2C1C#N,22.80972671508789
CC12C#Cc3ccc1c(n3)C2=O,33.305397033691406
O=CC1C#CC2=C3C=C4N=C2C431,18.345386505126953
C#CC12Cc3cnc(c1c3)C2=O,30.011619567871094
CC12c3ncc4c(c31)C(=O)C2C#C4,35.29335021972656
C#Cc1nc2c3c4c1C4(C2=O)C3C#N,22.460187911987305
O=CC1C#Cc2cccc(c2)C1,25.58079719543457
C#CC1Cc2nc(c3cc2-3)C1=O,25.979555130004883
O=C1c2c3cc4c(c2-3)CCC1C#C4,24.6674747467041
C#CC12CC3c4ncc1c(c43)C2=O,25.697917938232422
C#CC1C(=O)c2ccc3c(n2)C31C#N,22.543771743774414
O=CC12C#Cc3nc1ccc3C2,26.979843139648438
C#CC1C(=O)c2cc3cc(n2)C31C#N,23.115436553955078
C#CC12C(=O)c3c4c5nc1c3C42C5,29.201313018798828
N#CC1C(=O)c2ccc3nc2C31C#N,23.242616653442383
N#CC1C23C#CC4(N=C5C4=CC512)C3=O,19.326210021972656
N#CC1c2c3cnc4c2C(=O)C31C#C4,27.794357299804688
C#CC1CC2c3nc4c1c(c32)C4=O,29.362655639648438
O=C1c2cc3nc4c2C#CC1C34,35.40150451660156
C#CC1C(=O)c2ncccc2C1C#N,22.098251342773438
C#CC1C(=O)c2cc3c4nc2CC341,32.61388397216797
C#CC1(C=O)Cc2ccc1nc2,23.27475357055664
C#CC1(C=O)c2cnccc2C1C,23.24639129638672
C#CC1Cc2ccncc2C1=O,30.969696044921875
C#CC1C(=O)C2=CC3=CN=C2C31,19.621702194213867
C#CC12C(=O)C3=C1C1=NC=C3C12C,18.05332374572754
N#CC1c2cnc3c(c2)C(=O)C1C#C3,31.011127471923828
C#CC12Cc3cnc1cc3C2=O,26.109619140625
C#CC12C(=O)c3c4cc1nc3C2C4,28.07033920288086
C#CC1C(=O)c2ncnc3c2C31C#N,22.66503143310547
N#CC1c2ncc3cc2C(=O)C31C#N,27.018482208251953
C#CC1(C=O)c2cc3c(cn2)CC31,28.555904388427734
N#CC1c2cnnc3c2C#CC31C=O,25.54065704345703
C#CC12Cc3ncc(cc31)C2=O,28.56957244873047
C#CC1(C)C(=O)c2nc(C#N)ccc21,23.89014434814453
O=CC1C#CC23N=CC45C=C2C34C15,19.53683090209961
C#CC12C(=O)c3cc1c(cn3)C2C#N,21.48538589477539
O=CC1C#Cc2c3ccnc2CC31,28.101852416992188
O=C1c2cc3cc4c2C#CC13C4,28.766742706298828
C#CC12C(=O)c3ccc(nc31)C2C,24.665180206298828
C#CC12C(=O)c3cnc1c(c3)C2C#N,22.04488754272461
C#CC12C(=O)c3nccc1c3C2C,27.969167709350586
O=C1c2ccnc3c2C#CC1C3,34.40241622924805
C#CC1C(=O)c2cc3c4c(n2)C41C3,29.978715896606445
N#CC12C3=CC=C1C(=N3)C#CC2C=O,18.677776336669922
O=C1C2=CC34C#CC15CC31C(=N4)C251,20.963150024414062
C#CC1(C=O)c2c3ccnc2C31C#N,18.448211669921875
O=CC12C#Cc3nc(ccc31)C2,26.52238655090332
O=C1c2c3cc4cc2C4C1C#C3,23.66937255859375
C#CC1(C=O)c2c3nc-3c3c2C31C#N,22.39923667907715
C#CC12C(=O)c3cc4c1nc3CC42,28.922834396362305
C#CC1CCc2cnccc2C1=O,32.615203857421875
C#CC1Cc2cncc(c2)C1=O,27.439430236816406
CC12C3=CC4=C1C(=N3)C#CC2C4=O,20.08620834350586
OC1C#Cc2cncc3c2C31O,37.091644287109375
N#CC1N2C3=C4C(=CC25C#C5)C(=O)C431,21.077497482299805
C#CC12C(=O)C3=NC1=CC1=C3C12C#N,21.225479125976562
C#CC12C(=O)c3cc4c(nc31)C42C#N,22.05653953552246
O=C1c2cc3nc4c2C1(C#C4)CC3,34.220664978027344
N#CC1c2ccc3cc2C(=O)C1C#C3,19.162334442138672
CC12C3=NC4=C1C=C3C2(C=O)C#C4,23.779674530029297
O=C1c2cc3nc4c2C1(C#C4)C3,33.769126892089844
O=C1c2cc3nc4c2C#CC14C3,34.51594161987305
C#CC1(C)C(=O)c2ccc1nc2,28.861364364624023
C#CC12C(=O)c3cc1ncc3C2C#N,22.28107452392578
N#CCC12C#Cc3cc1cc(n3)C2=O,22.79817771911621
O=CC1C#Cc2cc3nc(c2)C1C3,26.403812408447266
N#CCC1(C#N)C(=O)c2cc3nc-3c21,29.368019104003906
O=C1C23CC4C5=C2C14C#CC5=NO3,28.437179565429688
O=C1c2cnc3c4c2C(C4)C1C#C3,31.557180404663086
C1#CC2C=NC3=C1C1=NC=C3C12,26.037155151367188
C#CC1(C=O)C#Cc2cncc1c2,22.407060623168945
O=CC12C#Cc3ccnc1c3C2,28.56350326538086
C#CC12Cc3cc1cc(n3)C2=O,26.877199172973633
C#CC(C=O)C1(C#N)c2cncc1c2,17.673091888427734
C#CC12C(=O)C3=C1C=C1N=C3C12C#N,19.66169548034668
C#CC1C(=O)C2=C3C=C4N=C2C4C31,20.707401275634766
C#CC12C(=O)c3cnc1c(c3)C2C#N,22.04488754272461
C#CC12CC3C4=CC=CN1C43C2=O,20.48190689086914
C#CC1(C=O)NCc2cncc1c2,31.250934600830078
CC12C#Cc3cc(nc1c3)C2=O,33.13258361816406
N#CC1c2c3ncc4c2C(=O)C31C#C4,28.86852264404297
O=C1c2cc3ccc2C#CC1CC3,30.533044815063477
O=C1c2c3nc4c5c2C3(C5)C1C#C4,31.54804039001465
CC1(C=O)C#Cc2cccnc21,25.6768741607666
C#CC12C(=O)c3c4cc(nc31)CC42,30.9025936126709
C#CC12Cc3cc1ncc3C2=O,28.04253387451172
N#CC1c2cnc3c(c2)C(=O)C1C#C3,31.011127471923828
O=CC12C#CC3=C4N=C1C(=C3)C4C2,20.933876037597656
CC12C#Cc3cnc(c1c3)C2=O,33.1859245300293
C#CC1C(=O)C23C=C4C5N4C=C2C153,21.57634735107422
C#CC1(C=O)CCc2cccnc21,27.105785369873047
N#CCC1C(=O)c2cnc3c1c2C#C3,24.013744354248047
C#CC1C(=O)c2ccc3nc2C31,30.87863540649414
C#CC12C(=O)c3nc(ccc31)C2C#N,22.682579040527344
N#CC1c2ncc3c4c2C(=O)C31C#C4,30.396203994750977
O=CC1C#Cc2cnc3cc2C1C3,26.825098037719727
O=CC12C#Cc3cc(nc1c3)C2,26.63225555419922
N#CC12c3nc4cc(c31)C(=O)C2C#C4,29.568920135498047
C#CC1C(=O)c2ccnc3c2CC31,30.289716720581055
O=CC1C#CC23N=C4C=CC25C1C435,20.680233001708984
C#CC1C(=O)C2=C3C=NC4=C2C1C34,20.34394645690918
O=CC12C#Cc3nc4c5c(c31)C4C52,26.8901309967041
CC1C#Cc2ccc(cn2)C1=O,31.503345489501953
O=CC12C#CC3=C4C1=CC(=N3)C42,20.282785415649414
C#CC1C(=O)c2cc3cc(n2)C31,31.886323928833008
C#CC1(CC#N)C(=O)c2c3ccc1c2-3,19.666059494018555
C#CC12Cc3cncc(c31)C2=O,28.59152603149414
N#CC1c2cnc3cc2C#CC31C=O,21.62381362915039
C#CC12Cc3cc(cc1n3)C2=O,25.64236068725586
C#CC1(C=O)c2ccnc3c2C31,25.938100814819336
C#CC12Cc3cc1cnc3C2=O,25.783885955810547
O=CC12C#Cc3c1cc1nc3C1C2,26.254581451416016
O=C1c2cc3nc4c2C1(C#C3)C4,33.7966194152832
C#CC12C(=O)c3cnc1cc3C2C#N,22.866031646728516
O=C1c2cc3cc4c2CCC14C#C3,28.053192138671875
C#CC12C(=O)c3cc1ncc3C2C#N,22.28107452392578
N#CC1C23N=CC45C#CC2=C4C13C5=O,19.869585037231445
C#CC12C(=O)c3ncc1c1c3C12C#N,22.110393524169922
C#CC1CC23C4=CC(=C2N=C43)C1=O,23.05229377746582
N#CC12C3=CC4=C(C(=O)C1C#C4)C2=N3,25.08035659790039
C#CC1(C)C(=O)c2ccc1cn2,29.333248138427734
C#CC1C(=O)c2ccnc3c2C31,30.5592041015625
C#CC1(C=O)C2=C3N=C4C=C2C4C31,20.823402404785156
CC1(C=O)C#Cc2cccc1n2,26.22935676574707
N#CC12C3=C4C(=O)C1C#CC(=C42)C=N3,23.36054229736328
C#CC12C(=O)c3c4ncc1c3C42C,24.89052963256836
C#CC12C(=O)c3ncc(cc31)C2C#N,22.618125915527344
C#CC12Cc3cc1ncc3C2=O,28.04253387451172
O=C1c2cnc3c(c2)C#CC1C3,33.978519439697266
O=C1c2cc3c(cn2)C#CC1C3,33.675743103027344
N#CC(=O)C12C#Cc3nc4cc(c31)C42,22.270702362060547
CC1C#Cc2ncccc2C1=O,34.854434967041016
C#CC12C(=O)c3nc(cc1n3)C2C#N,30.22719383239746
C#CC1Cc2ncccc2C1=O,30.03072166442871
O=C1C2=C3C4=C5N=C2C5C13C#C4,21.46379852294922
C#CC12CCc3nccc1c3C2=O,28.001102447509766
CC1C#Cc2cnccc2C1=O,35.559303283691406
O=CC1C#Cc2cc3c4c(n2)C341,27.076889038085938
O=C1c2cc3ccc2CC1C#C3,26.31622314453125
C#CC1C(=O)c2ccc3nc2CC31,31.391563415527344
O=C1c2nc3cc4c2CC14C#C3,28.92386817932129
C#CC1CC2C3=NC(=C2C=C3)C1=O,21.359447479248047
C#CC(C)C(=O)c1ccccc1,16.1732177734375
OC1c2cc3c4c(n2)C#CC31CC4,33.35863494873047
O=C1c2c3ncc4c2C1(C#C3)C4,31.850879669189453
C#CC12C(=O)C3=C4C5=C6C1C(N45)C362,20.904949188232422
C#CC12C(=O)C3=CC1=C1C=C3C12C,17.94814682006836
O=CC12C#CC13C=C1C=CN3C12,22.520814895629883
C#CC1CC2c3cc(cnc32)C1=O,27.948888778686523
N#CC1c2ccc3c(n2)C#CC1C3=O,22.886444091796875
C#CC1(CC#N)C(=O)c2cnccc21,26.87417221069336
O=CC1C#CC2=NC3=C4C=C2C43C1,18.041820526123047
N#CC1c2cc3c(cn2)C#CC1C3=O,22.46477699279785
C#CC1C(=O)c2ncc3cc2C31C,26.740585327148438
C#CC12C(=O)C3=C4C=C1C(=N3)C42C#N,20.450008392333984
N#CC1c2ccc3c(n2)C1(C=O)C#C3,20.630104064941406
C#CC1(C=O)C2c3ccc4c(n3)C421,24.833599090576172
C#CC12C(=O)c3c1cnc1c3CC12,27.796302795410156
N#CCC12C#Cc3cc1c(cn3)C2=O,24.239540100097656
O=C1CCC#Cc2ccccc21,30.078079223632812
O=C1c2cc3c4c(n2)C#CC1C34,34.215576171875
N#CC1c2cc3nc4c2C#CC41C3=O,21.29574203491211
C#CC12C(=O)C3=C4C1=C1C=C3C2C14,20.431636810302734
C#CC12C(=O)c3c4cnc1c3C42,27.888980865478516
N#CC12c3nc4c5c(c31)C2(C#C5)C4=O,26.26324462890625
CC12C#Cc3cncc1c3C2=O,29.857059478759766
C#CC1c2cc3cnc2c2c3C21C#N,24.688148498535156
C#CC12Cc3cc(c1cn3)C2=O,29.71293067932129
C#CC12CCc3cnc1cc3C2=O,29.44482421875
C#CC1(C)C(=O)c2ccc1nc2,28.861364364624023
C#CC12Cc3ccc(nc31)C2=O,27.539962768554688
C#CC1(C=O)c2ccc3c(c2)C31,23.10369300842285
C#CC(=O)C1c2nccc3c2C31C#N,18.877552032470703
C#CC12C(=O)C3=C4C5=CN(C51C#N)C342,23.175029754638672
C#CC1(C)C(=O)c2cccc1c2,25.596012115478516
C#CC1CC2c3ccnc(c32)C1=O,25.507051467895508
O=C1C2=C3C4=NC(=C2)C3C1C#C4,19.845623016357422
C#CC1(C)C(=O)c2cc1ccn2,28.214881896972656
CC1(C=O)C#Cc2ccnc1c2,24.98503875732422
O=C1C2=C3C4C5C26C#CC14C35N=C6,22.374401092529297
N#CC12c3nc1c1cc3C#CC2C1=O,23.028892517089844
C#CC1C(=O)c2cc3c(cn2)C31C#N,22.479496002197266
C#CC1C(=O)C2=NC3=CC=C2C31C#N,19.207286834716797
C#CC1C(=O)c2nccc3c2C31C,26.394908905029297
C#CC12C(=O)c3cnc1c(c3)C2C#N,22.04488754272461
C#CC12C(=O)c3cc4c1c(c3)C42,23.995670318603516
C#CC(C)(C=O)c1cccnc1,18.615270614624023
O=CC1C#CC2=C3C=C4CC31C2=N4,17.210643768310547
C#CC1Cc2cc(ccn2)C1=O,28.66771697998047
C#CC1Cc2cncc(c2)C1=O,27.439430236816406
C#CC12C(=O)c3cc1c1c(n3)C2C1,28.406692504882812
C#CC12C(=O)C3=C4C1=NC(=C3)C42C#N,18.0140380859375
O=C1c2c3nc4c5c2C1(C#C5)C3C4,29.573841094970703
CC12C3=NC4=C(C1=N3)C2(C=O)C#C4,24.947525024414062
C#CC1C(=O)c2c3nc4c(c2-3)C1C4,30.519540786743164
C#CC12Cc3c1ccnc3C2=O,25.23431396484375
C#CC12Cc3c(cncc31)C2=O,25.81919288635254
N#CCC1C(=O)c2nc1c1cc2C#C1,24.504064559936523
C#CC1C(=O)c2cc3c4cc2C1C34,26.891267776489258
O=CC12C#Cc3ccc1c(c3)C2,26.573806762695312
C#CC1(CC#N)C(=O)c2ncccc21,23.91254234313965
O=C1C2=NC3=CC4=C2C3C1C#C4,23.79314422607422
C#CC12C(=O)c3c4ncc1c3C42,28.19232177734375
C#CC12C(=O)c3ncc1cc3C2C#N,22.62393569946289
O=C1c2c3cc4nc2C#CC13C4,34.02134704589844
O=C1c2cc3ncc2C#CC1CC3,35.259727478027344
C#CC12Cc3cc1cc(n3)C2=O,26.877199172973633
CC12C3C#CC4=CN1C=CC42C3=O,17.426990509033203
N#CC1c2nccc3c2C#CC31C=O,21.518112182617188
C#CC1Cc2ccc(nc2)C1=O,30.335979461669922
C#CC12C(=O)c3cnc4c1c3C2C4,27.843652725219727
C#CC1C(=O)C2=NC3=CC=C2C31C#N,19.207286834716797
C#CC12C(=O)c3ncc4c1c3C42C#N,23.58920669555664
O=C1c2cc3ncc2C#CC1C3,34.109161376953125
C#CC12CC3c4c1cnc(c43)C2=O,25.454776763916016
N#CC12c3cc1c1c(n3)C#CC2C1=O,22.174942016601562
C#CC12C(=O)c3nc1cc1c3C2C1,28.13678550720215
C#CC12Cc3cccc(c31)C2=O,22.80751609802246
N#CC12c3cnc(cc31)C#CC2C=O,19.074953079223633
C#CC1C(=O)C2=C3C=NC4=C2C1C34,20.34394645690918
O=C1c2ccc3cc2C#CC1C3,29.484272003173828
C#CC12C(=O)C3=C4C1=CC(=N3)C42C#N,21.00653076171875
C#Cc1c2ncc3c1C2(C=O)C3C#N,20.128759384155273
O=C1c2c3ncc4c2C3C1C#C4,29.527080535888672
N#CC1c2ccnc(n2)C#CC1C=O,25.242368698120117
C#CC1(C)C(=O)c2cccc1n2,29.328445434570312
C#CC1Cc2ncccc2C1=O,30.03072166442871
C#CC12C(=O)C3=NC4=CC1=C3C42C,20.482643127441406
N#CC1c2cc3c4c(n2)C1(C#C4)C3=O,22.841556549072266
C#CC1C(=O)C2=NC3=CC4=C2C31C4,20.535568237304688
N#CC12C3=C4C(=O)C1C#CC(=C42)C=N3,23.36054229736328
O=C1C2=C3C4=NC(=C2)C3C1C#C4,19.845623016357422
C#CC12Cc3c1cnnc3C2=O,27.387727737426758
N#CC12c3c4cnc(c31)C2(C=O)C#C4,21.788951873779297
C#CC1(C)C(=O)c2ccc1cc2,25.47835922241211
C#CC12C(=O)c3cnc(cc31)C2C#N,22.1716365814209
O=CC1C#Cc2cc3cc(n2)C3C1,26.677688598632812
N#CC12c3nc4cc(c31)C#CC2C4=O,24.526927947998047
O=C1c2c3c4nc5c2C(C1C#C5)C43,30.356700897216797
O=CC1C#CC2=C3N=C4C=C2C431,19.06015396118164
C#CC12NCc3ccnc(c31)C2=O,27.872814178466797
O=C1c2c3c4cc5c2C5CC14C#C3,25.96727752685547
C#CC1(CC#N)C(=O)c2cccnc21,27.628765106201172
O=C1c2ccc3cc2C#CC1C3,29.484272003173828
C#CC1(C)C(=O)c2cccc1c2,25.596012115478516
N#CC12C3C#CC4=CC=CN1C42C3=O,20.355484008789062
O=C1c2c3ncc4c2C1(C#C4)C3,31.873027801513672
N#CC1c2cccnc2C#CC1C=O,16.997928619384766
C#CC1(CO)c2cnc3c(c2)C1C#C3,21.845054626464844
C#CC(C=O)(CC#N)c1ccccn1,10.640068054199219
C#CC1(C=O)Cc2cccnc21,26.228012084960938
N#CC1c2nc3c4cc2C#CC31C4=O,21.879680633544922
C#CC1c2cnc3c(c2)C#CC1C3=O,28.20778465270996
C#CC12C(=O)c3cc1cc(n3)C2C,24.741455078125
C#CC12C(=O)c3nc1ccc3C2C#N,22.91907501220703
C#CC12C(=O)C34C=C5C3C1N5C2=C4,22.646121978759766
C#CC1C(=O)c2cc3cc4c2C1C34,26.65955924987793
C#CC12C(=O)c3nc4c5c1c3CC452,30.169002532958984
N#CC1c2nc3c4cc2C1(C#C4)C3=O,24.440122604370117
C#CC1CC2C3=CN(C1=O)C2=CO3,24.117183685302734
N#CC12c3ncc4c(c31)C2(C=O)C#C4,21.367942810058594
C#CC12C(=O)C3=C4C=C(C1=N3)C42,20.93431282043457
N#CC12C3=CC4=C(C#CC1C4=O)C2=N3,24.821502685546875
C#CC12C(=O)c3nc1ccc3C2C#N,22.91907501220703
C#CC12C3=C4c5cc1c3c(n5)C42C#N,26.54791259765625
C#CC12CC1c1ccc(cn1)C2=O,27.16452407836914
C#CC12CC3C4=CC5(C1=O)C3=C5N42,23.46035385131836
C#CC1(C=O)c2ccnc(c2)C1C#N,19.85942840576172
C#CC12C(=O)c3cc4nc(c31)C2C4,27.667160034179688
C#CC12C(=O)C3=C4C1=CC(=N3)C42,20.193979263305664
O=C1c2c3cc4cc2CC14C#C3,24.324628829956055
N#CC12c3cc1c1nc3C#CC2C1=O,23.197919845581055
C#CC12Cc3c4nc(c1c3-4)C2=O,26.42323875427246
CC12C#Cc3ncc(cc31)C2=O,31.38970947265625
C#CC1Cc2ccc(cc2)C1=O,26.35993766784668
N#CC12c3cc4c(nc31)C#CC2C4=O,22.167171478271484
C#CC12C(=O)c3c1cnc1c3CC12,27.796302795410156
C#CC1(CC#N)C(=O)c2cccnc21,27.628765106201172
C#CC1(C=O)Cc2ncccc21,25.875072479248047
N#CC12C3=NC=C4C(=O)C1C#CC3=C42,24.786712646484375
N#CC12C3=NC=C4C(=O)C1C#CC3=C42,24.786712646484375
N#CC12c3cnc(cc31)C#CC2C=O,19.074953079223633
C#CC1C(=O)c2ccc3c(n2)C31,31.602527618408203
C#CC12C(=O)C3=C1N=C1C=C3C12,20.721454620361328
O=C1C2C#CC34C=C5C16N=C3C6C524,20.661670684814453
C#CC1(CC#N)C(=O)c2cc3c1nc2-3,26.38083267211914
C#CC1Cc2ncccc2C1=O,30.03072166442871
N#CC1c2ccc3nc2C(=O)C1C#C3,22.582550048828125
N#CC1c2ncc3c4c2C#CC31C4=O,21.086017608642578
C#CC1(C=O)Cc2cccc1c2,22.751060485839844
C#CC12C(=O)C3=C4N=C1C(=C3)C42C#N,20.371389389038086
CC12C3=CC4=CN1CC(C#C4)C32C#N,20.543853759765625
C#CC12Cc3ccc1c(n3)C2=O,28.187414169311523
C#CC1(C=O)c2ccnc3c2C31C#N,18.937236785888672
C#CC1C(=O)c2ncccc2C1C#N,22.098251342773438
C#CC1(C=O)c2ccnc3c2C1C3,25.209152221679688
N#CC12C3=CC=NC1=C3C#CC2C=O,20.003828048706055
C#CC12C(=O)c3cnc1c1c3C12C#N,22.153697967529297
O=C1c2ccc3nc2C#CC1C3,34.85881042480469
C#CC1C(=O)c2c3ccnc2C31,30.113513946533203
C#CC12C(=O)c3ccnc(c31)C2C#N,20.760990142822266
N#CC1(C=O)c2ccnc3c2C31C#N,22.234638214111328
C#CC12C(=O)C3=C4C=C(C=C31)C42C#N,15.107376098632812
C#CC12C(=O)C3=C4C(=CC1=N3)C42,20.904203414916992
C#CC12C(=O)c3ccc1nc3C2C,27.096492767333984
CC12C#Cc3ccc(cc31)C2=O,26.86524200439453
C#CC1(C=O)Cc2cc3nc-3c21,23.99132537841797
C#CC12Cc3cc1cnc3C2=O,25.783885955810547
O=C1c2nc3cc4c2CC14C#C3,28.92386817932129
C#CC1(C=O)c2ncc3cc2CC31,27.109298706054688
C#CC12C(=O)c3nc4c5c(c31)C4C52,28.986724853515625
O=C1CC2Cc3c4nc2c1c3C#C4,28.707712173461914
O=C1C2C#CC3=CC14N1C=C3C214,19.518909454345703
C#CC1(C=O)C2=C3C4=NC5=C2C4C531,21.13819694519043
C#CC12C(=O)N3C4=CC5=CC31C2C54,21.974512100219727
C#CC1(C=O)c2ncc3c4c2C1C34,24.990392684936523
C#CC12C(=O)c3ncc(cc31)C2C,24.94451332092285
C#CC1C(=O)c2nccc3c2CC31,30.43511962890625
C#CC12C(=O)c3ccc1c(n3)C2C,25.133712768554688
C#CC1(C=O)c2ccc3nc2C31C#N,18.983924865722656
C#CC(C=O)C1c2ccnc3c2C31,22.708778381347656
CC12C#Cc3nccc(c31)C2=O,31.243587493896484
N#CC12c3c4cnc(c31)C(=O)C2C#C4,26.239301681518555
C#CC1(C=O)c2ccc3c(n2)C31C#N,20.80677032470703
N#CC1c2cc3ncc2C#CC1C3=O,22.93536376953125
C#CC1(C=O)c2cc3c(c-3n2)C1C#N,22.433944702148438
O=CC12C#CC3=CN4C1C1C(=C3)C142,20.464235305786133
C#CC1(C=O)Cc2cccc1n2,24.10980987548828
N#CC1c2cc3cc(n2)C1(C=O)C#C3,21.121978759765625
N#CC1c2cc3c4nc2C#CC41C3=O,21.762109756469727
C#CC1(C)C(=O)c2ccnc1c2,27.35249137878418
O=CC12C#Cc3nc(ccc31)CO2,26.7864990234375
C#CC12C(=O)C3=C4C=C(N=C31)C42,20.57421112060547
C#CC12C(=O)c3cc(cnc31)C2C#N,22.06689453125
C#CC1(C=O)Cc2ncccc21,25.875072479248047
N#CC12c3cc1c1c(n3)C#CC12C=O,20.98886489868164
N#CC1c2cnc3cc2C#CC1C3=O,23.24832534790039
CC12C#Cc3cc1cc(n3)C2=O,32.629642486572266
C#CC1(C)C(=O)c2ccc1nc2,28.861364364624023
C#CC12C(=O)c3cnc4c1c3C42C#N,23.172534942626953
O=CC1C#CC2=NC3=CC4=C2C31C4,18.103303909301758
C#CC12CCc3ccc1c(n3)C2=O,31.37181282043457
C#CC1C(=O)c2cnc3c4c2CC341,30.766571044921875
C#CC1C(=O)c2ccnc(c2)C1C#N,22.16573715209961
C#CC12C(=O)c3cnc4c1c3C42C,25.987873077392578
O=C1c2c3ncc4c2C(C3)C1C#C4,30.70061492919922
N#CC1c2ccc3c(c2)C1(C=O)C#C3,18.43714714050293
C#CC12C(=O)c3nc4c5cc3C51N42,34.982749938964844
C#CC1(C=O)c2ccc3c(c2)CC31,24.558347702026367
C#CC12C(=O)c3cc4c(nc31)C2C4,26.967369079589844
N#CC1c2cnc3c(c2)C#CC1C3=O,24.819852828979492
C#CC12C(=O)c3ncc1c1c3C12,28.729291915893555
O=C1c2cc3c4c(n2)C3C1C#C4,33.48433303833008
C#CC12C(=O)c3cnc4c1c3C42C#N,23.172534942626953
C#CC12C(=O)c3cc1c(cn3)C2C,25.077857971191406
C#CC12Cc3ccc(c1c3)C2=O,23.800941467285156
N#CC1c2cc3nc4c2C#CC31C4=O,21.43288803100586
C#CC1(C=O)c2nccc3c2C31C#N,18.081220626831055
N#CC1c2cnc3cc2C#CC31C=O,21.62381362915039
N#CC1c2cc3c(cn2)C(=O)C1C#C3,26.976058959960938
C#CC1C(=O)c2ccc3c(n2)CC31,33.06059646606445
O=C1c2cc3c4c(n2)C#CC13C4,33.505516052246094
O=C1C2C#CC3=C4C=C(ON13)C2C4,23.716325759887695
C#CC1C2=Cc3cc2nc2c3C21,32.07730484008789
CC1C#Cc2cccc(c2)C1=O,27.851600646972656
C#CC1(C=O)c2ccc3nc2C31,25.449670791625977
C#CC1(C)C(=O)c2ccc1cc2,25.47835922241211
C#CC12CCc3ccc(c1n3)C2=O,29.457481384277344
C#CC1(CC#N)C(=O)c2ccc1cc2,19.745643615722656
C#CC12C3OC14C=C3C=CN4C2C#N,21.439498901367188
C#CC1C(=O)C2=C3N=C4C=C2C4C31,21.212913513183594
N#CC1c2cc3ncc2C(=O)C1C#C3,23.919342041015625
C#CC1(CC#N)C(=O)c2ccc1nc2,25.972938537597656
c1nc2c3nc1CC23,38.71648406982422
CC1C#Cc2ccccc2C1=O,31.28059196472168
CC1c2cc3c4c(n2)C(=O)C31C#C4,32.40937805175781
C#CC12C(=O)c3c4cnc1c3C42,27.888980865478516
C#CC1(C=O)Cc2ccccc21,23.22122573852539
O=CC1C#CC2=C3N=C4C5=C2C1C435,19.71717071533203
N#CC1(C=O)c2cnc3c4c2C31C4,23.204038619995117
C#CC1C(=O)c2cc3c4nc2C1C34,31.864473342895508
CC12C#Cc3ccc1nc3C2=O,29.595748901367188
N#CC1c2cc3c4c(n2)C#CC31C4=O,22.79204559326172
C#CC1(C=O)c2cc3c(cn2)C31C,22.999374389648438
C#CC12C(=O)c3ncc4c(c31)C42,28.7559814453125
C#CC1(C=O)C2=NC3=C4CC31C4=C2,19.27056884765625
C#CC1(CC#N)C(=O)c2cccnc21,27.628765106201172
C#CC1C(=O)c2cnc3nc2C31C#N,23.62663459777832
O=C1c2ccc3c(c2)CC1C#C3,25.677101135253906
O=C1c2c3cc4nc2C#CC14C3,33.96691131591797
O=C1c2cc3c4c(n2)C#CC1C34,34.215576171875
N#CC12C3=NC4=C5C#CC41C(=O)C5=C32,21.822742462158203
N#CC12C3C#CC14C=CN2C(=N4)C3=O,20.822612762451172
C#CC12C(=O)c3c4cnc1c3C42C,24.678447723388672
C#CC(C=O)C1Cc2cccnc21,22.00665283203125
C#CC12Cc3cc(c1cn3)C2=O,29.71293067932129
C#CC12C(=O)C3=C4C=C1C(=N3)C42C#N,20.450008392333984
C#CC1(C=O)c2ccc3c(n2)C31C#N,20.80677032470703
O=C1C2=C3C4=NC5=C2C#CC1C453,22.31578826904297
C#CC1C(=O)c2cnc3c4c2C4C31,29.53512191772461
O=C1c2cccc3c2C#CC12CC32,26.249662399291992
C#CC1(C=O)c2ccc3c(n2)C31,26.817527770996094
C#CC12C(=O)c3cnc(cc31)C2C#N,22.1716365814209
N#CC1c2nc3c4cc2C1(C#C4)C3=O,24.440122604370117
CC1c2cc3ccc2C#CC1C3=O,23.309234619140625
C#CC12C(=O)C34C(C)=CC=C1N3C24,21.672727584838867
C#CC(C=O)C1(C#N)c2ccnc1c2,17.692808151245117
C#CC1C(=O)c2cc3c4nc2C41C3,31.32600975036621
N#CCC(C#Cc1ccccn1)C=O,15.795419692993164
CC1c2ccc(nc2)C#CC1C=O,23.311004638671875
O=CC12C#Cc3cnc(c1c3)C2,23.360206604003906
O=C1c2nc3c4cc2CC13C#C4,28.661996841430664
N#CC12C3=NC(=C1C=C3)C#CC2C=O,22.518329620361328
O=C1C2=CC3=C4C#CC1C3C2=N4,20.544017791748047
N#CC12C3=CC4=C(C#CC41C=O)C2=N3,24.343168258666992
O=CC12C#Cc3nc4c(cc31)C42,28.02753448486328
N#CCC1(C=O)C#Cc2cnccc21,22.290023803710938
C#CC1C(=O)C2=CC3=NC=C2C31C#N,19.272552490234375
C#CC12C(=O)C34C=C5C=NC13C4C52,20.490676879882812
C#CC(CC)C(=O)c1ccccn1,22.7691593170166
C#CC1C(=O)c2cnc3cc2C31C#N,20.451797485351562
C#CC1C(=O)c2cc3c4nc2C1C34,31.864473342895508
N#CC12C3=C1C1=C4N=C3C(=O)C42C#C1,24.090503692626953
C#CC1C(C#N)c2cc3c4c(n2)C3C41,24.47751808166504
C#CC12C(=O)c3cc4nc(c31)C42C#N,22.415679931640625
C#CC1C(=O)c2ccc3cc2C31,27.081626892089844
O=C1C#CC1CCc1cc2cc-2n1,22.84880256652832
O=C1c2nc3c4cc2CC14C#C3,28.868947982788086
C#CC1(C)C(=O)c2cccc1n2,29.328445434570312
C#CC12C(=O)c3cc(nc1c3)C2C,24.17328453063965
N#CC12C3=C4C(=O)C15C#CC4=CN2N35,28.93682098388672
C#CC1(C)C(=O)c2cccnc21,28.327184677124023
C#CC12C(=O)C3=CC1=C1N=C3C12C#N,19.89488410949707
C#CC1(C)C(=O)c2cncc1c2,27.23680877685547
C#CC12Cc3ccc(c1n3)C2=O,25.32246208190918
O=CC1C#Cc2cc3cc4c2C4C31,26.176265716552734
CC12C3=NC1=C1C(=O)C24C#CC3=C14,26.970420837402344
C#CC1C(=O)c2cc3c4c(n2)C341,30.499975204467773
N#CC12C(=O)c3nc4c5c(c31)C4C52,27.02831268310547
O=C1c2ccc3cc2C#CC1C#C3,21.657516479492188
N#CC1c2cnc3cc2C1(C=O)C#C3,20.816364288330078
O=C1c2nc3ccc2CC1C#C3,29.362812042236328
C#CC12Cc3cncc(c31)C2=O,28.59152603149414
C#CC1(C=O)c2c3cnc-3c2C1C#N,19.410018920898438
C#CC1C(=O)c2c3nc4c(c2-3)C1C4,30.519540786743164
C#CC1(CC#N)C(=O)c2cccc1n2,26.798538208007812
C#CC12C(=O)C3=C1C1=NC4=C3C4C12,20.741840362548828
C#CC12C(=O)C3=C4C=C(N=C31)C42C#N,20.65550422668457
C#CC1Cc2ncccc2C1=O,30.03072166442871
C#CC1C(=O)c2ccc3nc2C31,30.87863540649414
C#CC12C(=O)c3ccc1nc3C2C#N,22.971010208129883
C#CC1C(=O)C2=NC3=NC=C2C31C#N,23.252872467041016
C#CC1C(=O)c2ccc(cn2)C1C,29.209728240966797
CC12C#Cc3cncc1c3C2=O,29.857059478759766
C#CC1C(=O)c2cccc(n2)C1C#N,22.18482208251953
O=C1c2cc3nc4c2CC13C#C4,30.709640502929688
C#CC1(C)C(=O)c2ccnc1c2,27.35249137878418
C#CC1(CC#N)C(=O)c2ccc1nc2,25.972938537597656
O=CC1C#Cc2c3ncc4c2C41C3,26.027786254882812
O=C1c2ncc3cc2C#CC1C3,32.12446594238281
O=CC12C#Cc3cnc1cc3C2,27.312541961669922
C#CC12CC3c4cnc1c(c43)C2=O,25.52309799194336
C#CC1(C=O)c2c3cncc2C31,25.247573852539062
N#CCC12C#Cc3cnc1c(c3)C2=O,22.54043197631836
N#CC12C3=CC4=C1N=C3C(=O)C2C#C4,21.494430541992188
C#CC(C=O)CC1C2=CC=C1N=C2,17.406171798706055
C#CC1(C)C(=O)c2cc3nc1c2-3,30.797836303710938
C#Cc1cc2c3c(n1)C2(C)C3=O,29.25555992126465
C#CC12Cc3ccc(c1c3)C2=O,23.800941467285156
N#CC1c2cncc3c2C(=O)C1C#C3,23.504135131835938
CC12C#Cc3nccc1c3C2=O,29.758386611938477
C#CC1(C=O)c2ccccc2C1C,20.771366119384766
C#CC1C(=O)c2ccc3c(n2)C31C,26.723236083984375
C#CC1(CC#N)C(=O)c2cccc1n2,26.798538208007812
O=C1c2cc3cc(n2)C1(O)C#C3,33.53153991699219
C#CC12C(=O)c3cc4c(cc31)C42C#N,18.499311447143555
C#CC12C(=O)C3=C1C1=CN=C3C12C,19.020469665527344
C#CC1(C=O)c2ncc3cc2CC31,27.109298706054688
O=C1c2ccc3c(c2)C#CC1C3,28.299922943115234
C#CC12C(=O)C3=C4C1=NC(=C3)C42C#N,18.0140380859375
N#CC12CC#Cc3c(C=O)ncc1c32,18.789703369140625
O=C1c2cc3c4nc2C1(C#C4)C3,32.74501037597656
O=CC1C#Cc2cc3cc(c2)C31,25.50762939453125
CC12C#Cc3cc(cnc31)C2=O,30.71392822265625
N#CCC12C#Cc3cnc1cc3C2=O,22.18062973022461
C#CC12Cc3ccc(nc31)C2=O,27.539962768554688
C#CC1C(O)c2ccc3cc2C31C#N,19.2806396484375
N#CC1c2nc3c4cc2C1(C#C3)C4=O,24.28821563720703
C#CC12C(=O)C3=NC4=CC1=C3C42,21.47385025024414
C#CC12C(=O)C3=C4C5=C1N=C3C2C45,20.698060989379883
C#CC12C(=O)c3ncc4c1c3C42C#N,23.58920669555664
N#CC12c3c4nc5c(c31)C(=O)C52C#C4,32.03009033203125
O=C1c2c3cc4nc2C#CC1C43,34.24566650390625
O=C1c2cc3c4nc2C#CC1CC34,36.91392517089844
N#CC1c2nc3c4cc2C(=O)C41C#C3,30.626163482666016
C#CC1(CO)c2ccncc2C1C#N,20.205909729003906
C#CC12Cc3cnc(c1c3)C2=O,30.011619567871094
O=C1C2C34C#CC15N=C3C21CC5=C41,21.901348114013672
N#CC1c2cc3ccc2C#CC1C3=O,19.03533935546875
C#CC12C(=O)c3cc(ncc31)C2C#N,21.825992584228516
C#CC1(C=O)C2=CC3=CC(=N2)C31C#N,18.539936065673828
C#CC1C(=O)c2ccc3c(n2)C31C,26.723236083984375
C#CC12C(=O)C13C=CC1=CN3C12C#N,20.201419830322266
CC1c2ncc3c4c2C(=O)C41C#C3,32.99494171142578
C#CC12C(=O)c3cnc(cc31)C2O,26.361392974853516
C#CC12C(=O)c3cc1c(cn3)C2C#N,21.48538589477539
C#CC12C(=O)c3ccc4c(n3)C1C42,27.408248901367188
N#CC1c2ccc3c(n2)C1(C=O)C#C3,20.630104064941406
N#CC1c2ccc3nc2C#CC31C=O,23.34586524963379
C#CC1(C=O)c2cnc3c4c2C31C4,25.657930374145508
C#CC12C(=O)C3=C1C=C1C=C3C12C#N,15.168766975402832
C#CC12CC34C5=NC3=C1C(=C54)C2=O,20.703205108642578
N#CC1c2c3ncc4c2C#CC41C3=O,21.050586700439453
C#CC1C(=O)c2cc3c(cn2)C31,33.056236267089844
N#CC1c2nc3c(c4c2C1C4=O)C#C3,26.356552124023438
C#CC12C(=O)c3nc4cc(c31)C42C#N,24.467025756835938
C#CC1C(=O)c2cc3c(cn2)C31,33.056236267089844
C#CC12Cc3nccc1c3C2=O,25.745328903198242
N#CC12c3c4cnc(c31)C(=O)C2C#C4,26.239301681518555
C#CC12C(=O)c3nc(ccc31)C2C#N,22.682579040527344
C#CC1(C=O)c2ccnc3c2C31C,22.705760955810547
N#CC12c3ccc4c(c31)C(=O)C2C#C4,22.316173553466797
C#CC1Cc2ccc(cn2)C1=O,27.36186408996582
N#CC1c2ncc3c4c2C(=O)C41C#C3,30.153736114501953
O=C1C2=C3C#CC1C1C3=CN=C21,19.77798080444336
C#CC12C(=O)C34C=C5C3C1N5C=C24,23.506149291992188
O=CC1C#CC2=C3N=C4C=C2C43C1,19.05792236328125
C#CC1C(=O)C23C=NC4=C(O2)C3C41,25.253398895263672
C#CC1C(=O)C2=C3N=CC(=C2)C31C,19.030336380004883
O=C1c2nc3c4cc2C1(C#C3)C4,31.175134658813477
O=CC12C#Cc3c4cc1nc3C4C2,26.74376106262207
C#CC12C(=O)c3cc(nc1c3)C2C#N,21.339529037475586
CC1c2cc3c4c(n2)C#CC31C4=O,26.472652435302734
C#CC1C(=O)c2c3cnc-3c2C1C#N,22.497373580932617
N#CC12c3cc4c(nc31)C#CC2C4=O,22.167171478271484
N#CC1c2ncc3c4c2C(=O)C41C#C3,30.153736114501953
C#CC12CC3C4=C1C3=C(N=C4)C2=O,20.301109313964844
N#CCC12C#Cc3c4nc-4c(c31)C2=O,22.780017852783203
C#CC12C(=O)c3nc(ccc31)C2C#N,22.682579040527344
CC1c2cncc3c2C1(C=O)C#C3,24.315324783325195
O=C1c2cc3cnc2C1(O)C#C3,30.30084991455078
O=CC12C#Cc3nccc1c3CC2,24.968503952026367
CC1(C=O)C#Cc2cncc1c2,26.22878646850586
O=C1C2=C3C#CC14C2=NC1=C3C14,20.457599639892578
C#CC1(C=O)CC2c3cncc1c32,28.108978271484375
O=C1c2c3cc4nc2C3C1C#C4,29.009490966796875
C#CC12C(=O)C3=C4C1=NC(=C3)C42,18.744976043701172
CC12C#Cc3ccnc1c3C2=O,30.232255935668945
O=C1C2CN3C4=C5CC13C=C5C42,25.130413055419922
C#CC1C(=O)c2c3cccc2C31C#N,17.618127822875977
C#CC12C(=O)C3=C4C1=CC(=N3)C42,20.193979263305664
O=CC12C#Cc3cncc1c3C2,26.896957397460938
N#CC1c2ccncc2C#CC1C=O,16.961740493774414
C#CC1=C2C3=C4C(=N1)C2(C#N)C4C3=O,24.07052230834961
C#CC1C(=O)C2=C3N=CC(=C2)C31C#N,19.450885772705078
O=C1C2C#CC34C(=CC=CN13)C24,18.594575881958008
C#CC1C(=O)c2ccnc(c2)C1C#N,22.16573715209961
C#CC12C(=O)c3c4ncc5c3C41C52,27.573318481445312
C#CC1(C=O)c2cc3c(cn2)CC31,28.555904388427734
C#CC1(C)C(=O)c2ccnc1c2,27.35249137878418
C#CC12C(=O)c3cc1c1c(n3)C12,28.94739532470703
O=C1C2=C3C4=C5C#CC13C4C2=N5,19.64867401123047
C#CC12C(=O)C34C=C1C1=C3N4C12,22.929292678833008
C#CC12Cc3c1ccnc3C2=O,25.23431396484375
C#CC12C(=O)c3nc4c1c(n3)C42,36.201786041259766
C#CC1CC23C4=CC(=C2N=C43)C1=O,23.05229377746582
O=C1c2c3ncc4c2C4CC1C#C3,33.086456298828125
C#CC1c2c3cc(nc2C1C#N)C3=O,20.952129364013672
C#CC12C(=O)C3=C4N=C1C1=C3CC412,20.80340576171875
C#CC(C=O)Cc1nc2c3c(n1)C23,26.50591468811035
C#CC12C(=O)C3=C4C(=CC1=N3)C42,20.904203414916992
N#CC12C3=CC=C(C#CC1C=O)C2=N3,20.21672821044922
N#CC1c2cc3c4nc2C#CC31C4=O,22.045921325683594
C#CC(C=O)C12C3=NC4=CC(=C31)C42,18.91770362854004
N#CC1(C2(C=O)C#C2)C2=CC=C1N=C2,18.288684844970703
C#CC12C(=O)c3c4cc(nc31)CC42,30.9025936126709
O=C1c2cncc3c2CC1C#C3,33.771697998046875
CC1(C=O)C#Cc2ncc3c1c2-3,26.66636848449707
C#CC12CCc3cc1c(cn3)C2=O,33.04746627807617
C#CC12C(=O)c3ncc1c1c3C12,28.729291915893555
C#CC12Cc3cnc1cc3C2=O,26.109619140625
N#CC12c3nc4cc(c31)C#CC2C4=O,24.526927947998047
C#CC1C(=O)c2ccc3c4c2CC341,27.1754150390625
C#CC1(C=O)C2=C3C=NC(=C2)C31,18.619958877563477
O=CC12C#CC3=C4N=C1C1=C3C412,20.18317985534668
O=C1C2=CC3=CC4=C2C3C1C#C4,18.595802307128906
O=C1c2nc3cc4c2CC14C#C3,28.92386817932129
N#CC1c2nc3c4cc2C(=O)C41C#C3,30.626163482666016
CC12C#Cc3cnc1c(c3)C2=O,33.05694580078125
N#CC12c3c4nc5c(c31)C(=O)C52C#C4,32.03009033203125
CC1(C=O)C#Cc2ccncc21,25.456533432006836
C#CC12Cc3ccc1c(n3)C2=O,28.187414169311523
O=C1c2cc3c4c5c2C45C1C#C3,27.845277786254883
N#CC1c2ccnc(c2)C#CC1C=O,21.275894165039062
C#CC1(C=O)c2c3ccnc2C31,24.695419311523438
C#CC12C(=O)c3ccc1nc3C2C#N,22.971010208129883
C#CC12Cc3cnc1c(c3)C2=O,32.7192268371582
C#CC1Cc2ccnc(c2)C1=O,27.232858657836914
N#CC1c2c3ccnc2C#CC31C=O,23.051956176757812
C#Cc1c2cc3nc1C(C#N)C2C3=O,23.495384216308594
C#CC1C(=O)c2cccc(c2)C1C,22.976036071777344
N#CC12c3cc(cnc31)C#CC2C=O,18.9461669921875
O=CC1C#CC2=C3C4=NOC23CC41,29.197891235351562
O=C1c2cncc3c2C#CC12CC32,29.615713119506836
O=C1c2cc3nc4c2C#CC1C3C4,35.56403732299805
N#CC1c2cc3c4c(n2)C1(C#C3)C4=O,22.935855865478516
C#CC12CCc3ccc(c1n3)C2=O,29.457481384277344
C#CC12CCc3cc(c1cn3)C2=O,31.657917022705078
N#CC12c3cnc4c(c31)C#CC2C4=O,22.07982635498047
N#CC12c3c4cnc(c31)C#CC42C=O,21.595888137817383
C#CC1(C=O)Cc2cccc1c2,22.751060485839844
O=C1C2=NC3=C4C#CC1C3C2=C4,21.420833587646484
O=CC12C#Cc3cc(cc1n3)CC2,29.49359130859375
N#CC1c2cc3nc4c2C(=O)C31C#C4,29.34347152709961
C#CC1(C=O)CC2c3cc1cnc32,27.441692352294922
O=c1c2c3nc4c(c12)C(C#C4)C3,31.118192672729492
N#CC1c2cnc3c4c2C1(C#C4)C3=O,23.81843376159668
C#CC12C(=O)C3=C4N=C(C1=C3)C42C#N,20.5797176361084
O=CC12C#CC3=C1N=C1C4=C3C142,19.96747589111328
N#CCC1(C=O)C#Cc2ccc1cn2,22.806541442871094
C#CC12Cc3ccc(c1n3)C2=O,25.32246208190918
N#CCC1(C=O)C#Cc2cc1ccn2,23.12476348876953
O=C1C2=C3C4=C5N=C2C14CC53,24.23172378540039
N#CC12c3cc4nc1c3C#CC2C4=O,24.492238998413086
N#CC12c3nc1c1cc3C#CC12C=O,17.19778060913086
C#CC1(C=O)C2CC23C=CC=CN13,22.316768646240234
O=C1c2cc3c4nc2C#CC13C4,34.82610321044922
C#CC12C(=O)c3cncc(c31)C2C#N,22.21366310119629
C#CC12C(=O)c3ccc(cc31)C2C#N,17.395336151123047
O=CC1C#Cc2cc3c(cn2)C31,27.979158401489258
C#CC1CC2C3=CC=C(C1=O)C2=N3,25.083120346069336
C#CC12C(=O)c3cc1ncc3C2C,26.7116641998291
N#CC1c2ccnc3c2C1(C=O)C#C3,20.61012840270996
O=CC12C#Cc3ccc(c1n3)C2O,28.739025115966797
N#CC12C3=CC4=C1C(=N3)C#CC2C4=O,20.197376251220703
C#CC1(C=O)C2=C3C=NC(=C2)C31C#N,18.079994201660156
C#CC1(C)C=C2C3=NC1=C2C=C3,20.84856414794922
O=C1C2=CC3=NC4=C2C3C1C#C4,23.82516860961914
N#CCC1(C=O)c2cc1c1c(n2)C#C1,20.692922592163086
C#CC12Cc3ccnc(c31)C2=O,25.84991455078125
CC12C#Cc3c(cccc31)C2=O,25.91015625
O=C1c2nc3cc4c2C#CC1C34,32.357975006103516
N#CC1c2ccnc3c2C1(C=O)C#C3,20.61012840270996
C#CC1(CC#N)C(=O)c2cccc1n2,26.798538208007812
C#CC12C(=O)c3cc4nc(c31)C2C4,27.667160034179688
O=C1c2cc3ncc2C#CC1C3,34.109161376953125
C#CC1(C=O)C2=C3N=CC(=C2)C31,19.081165313720703
C#CC12Cc3nc1ccc3C2=O,26.213647842407227
O=CC12C#Cc3nc1c1cc3C12,26.663320541381836
O=C1c2cncc3c2CC1C#C3,33.771697998046875
C#CC1C(=O)c2ccc3cc2C31C,23.751678466796875
C#CC12Cc3nc(ccc31)C2=O,28.87177276611328
C#CC1C(=O)C2=C3CC14C3=CN=C24,21.042495727539062
C#CC1C(=O)C2=NC3=CC=C2C31,20.398025512695312
N#CC12C3=NC1=C1C#CC24C(=O)C3=C14,21.67116928100586
C#CC12C(=O)c3cc4c1c(n3)C42,29.038660049438477
O=CC1C#Cc2cc3ccc2CC31,24.987552642822266
O=C1c2cnc3c4c2C#CC13CC4,39.612770080566406
,28.532569885253906
